-- phpMyAdmin SQL Dump
-- version 4.7.4
-- https://www.phpmyadmin.net/
--
-- Host: 127.0.0.1
-- Generation Time: Apr 26, 2018 at 03:03 AM
-- Server version: 10.1.28-MariaDB
-- PHP Version: 7.1.10

SET SQL_MODE = "NO_AUTO_VALUE_ON_ZERO";
SET AUTOCOMMIT = 0;
START TRANSACTION;
SET time_zone = "+00:00";


/*!40101 SET @OLD_CHARACTER_SET_CLIENT=@@CHARACTER_SET_CLIENT */;
/*!40101 SET @OLD_CHARACTER_SET_RESULTS=@@CHARACTER_SET_RESULTS */;
/*!40101 SET @OLD_COLLATION_CONNECTION=@@COLLATION_CONNECTION */;
/*!40101 SET NAMES utf8mb4 */;

--
-- Database: `hm1`
--

DELIMITER $$
--
-- Procedures
--
CREATE DEFINER=`root`@`localhost` PROCEDURE `myLoopslide11` ()  BEGIN
DECLARE P1 INT(3);
LoopSlide11:LOOP
SET P1=P1+1;
IF P1<10 THEN
ITERATE LoopSlide11;
END IF;
LEAVE LoopSlide11;
END LOOP LoopSlide11;
SELECT P1;

 
END$$

CREATE DEFINER=`root`@`localhost` PROCEDURE `myLoopslide12` ()  BEGIN DECLARE v1 INT DEFAULT 5;
 WHILE v1>1 
 DO 
 SET v1 = v1‐1;
 
  END WHILE;
   SELECT v1;
	END$$

DELIMITER ;

-- --------------------------------------------------------

--
-- Table structure for table `address`
--

CREATE TABLE `address` (
  `address_id` int(11) NOT NULL,
  `street1` varchar(45) NOT NULL,
  `street2` varchar(45) DEFAULT NULL,
  `city` varchar(45) NOT NULL,
  `zip` varchar(5) NOT NULL,
  `state_id` int(11) NOT NULL
) ENGINE=InnoDB DEFAULT CHARSET=latin1;

--
-- Dumping data for table `address`
--

INSERT INTO `address` (`address_id`, `street1`, `street2`, `city`, `zip`, `state_id`) VALUES
(101, '313 Rodeo Ln', '', 'City13', '83034', 956),
(102, '199 Main Ct', '', 'City15', '15047', 1087),
(103, '410 Lombard Av', '', 'City17', '74268', 1025),
(104, '800 Nantucket Ln', '', 'City16', '53373', 1093),
(105, '776 Fayetteville St', '', 'City10', '24724', 1065),
(106, '247 Broadway Av', '', 'City11', '79240', 968),
(107, '793 Staunton St', 'Apt Q', 'City11', '35083', 1083),
(108, '478 Sunset Ct', '', 'City11', '87658', 1093),
(109, '495 Market St', '', 'City14', '43540', 1021),
(110, '152 Staunton St', '', 'City10', '96487', 773),
(111, '860 Rodeo Ln', '', 'City15', '15231', 922),
(112, '808 Freedom Ln', '', 'City15', '66634', 1110),
(113, '834 Market Av', '', 'City16', '42302', 1115),
(114, '678 Fayetteville Ct', '', 'City19', '95920', 1087),
(115, '936 Lombard Rd', 'Apt B', 'City16', '24973', 1103),
(116, '300 Freedom Av', '', 'City15', '74633', 922),
(117, '119 Main Ln', '', 'City17', '13204', 1120),
(118, '532 Sunset Ct', 'Apt A', 'City16', '72810', 959),
(119, '783 Staunton Av', '', 'City13', '33200', 1001),
(120, '904 Fayetteville Ln', '', 'City11', '26583', 959),
(121, '615 Broadway Av', '', 'City16', '37672', 959),
(122, '664 Staunton Rd', '', 'City10', '14886', 959),
(123, '237 Broadway St', '', 'City19', '86402', 897),
(124, '868 Lombard Rd', '', 'City12', '61270', 956),
(125, '138 Staunton St', '', 'City15', '93661', 956),
(126, '148 Freedom Rd', '', 'City19', '29067', 1076),
(127, '934 Lombard Ct', 'Apt N', 'City16', '34069', 1121),
(128, '475 Broadway Av', '', 'City20', '78491', 1121),
(129, '372 Sunset Ln', 'Apt V', 'City12', '71481', 1026),
(130, '717 Broadway Rd', '', 'City14', '36972', 1149),
(131, '501 Fayetteville Ln', '', 'City14', '64905', 1076),
(132, '258 Rodeo Av', '', 'City12', '53493', 959),
(133, '930 Fayetteville Rd', '', 'City18', '94958', 910),
(134, '590 Freedom Rd', '', 'City13', '35260', 816),
(135, '407 Broadway Ct', '', 'City13', '67095', 996),
(136, '359 Lombard Ct', '', 'City11', '59573', 968),
(137, '189 Main St', '', 'City14', '74280', 816),
(138, '998 Fayetteville Ln', '', 'City19', '71982', 959),
(139, '540 Market Ln', 'Apt W', 'City17', '63957', 1048),
(140, '545 Sunset Av', 'Apt L', 'City19', '75756', 922),
(141, '588 Staunton Ct', '', 'City14', '70665', 1087),
(142, '698 Broadway St', 'Apt Z', 'City15', '16270', 773),
(143, '954 Sunset Av', '', 'City20', '15600', 988),
(144, '585 Sunset St', '', 'City14', '33819', 1121),
(145, '156 Fayetteville Av', '', 'City19', '80213', 683),
(146, '713 Staunton St', '', 'City15', '99434', 1117),
(147, '828 Rodeo Av', 'Apt U', 'City10', '47022', 1184),
(148, '411 Nantucket Av', 'Apt O', 'City10', '96889', 1030),
(149, '403 Staunton Av', '', 'City16', '92284', 927),
(150, '252 Nantucket Av', '', 'City20', '88293', 912),
(151, '869 Broadway Av', '', 'City18', '15654', 1065),
(152, '935 Fayetteville Rd', '', 'City16', '94739', 922),
(153, '654 Rodeo Ln', '', 'City10', '77917', 966),
(154, '332 Rodeo Ln', 'Apt K', 'City16', '47249', 959),
(155, '837 Broadway Av', '', 'City19', '26547', 955),
(156, '651 Lombard Av', '', 'City13', '12502', 955),
(157, '340 Lombard Ct', '', 'City17', '55688', 912),
(158, '606 Rodeo Av', '', 'City19', '98502', 927),
(159, '474 Main Rd', 'Apt W', 'City20', '16834', 1095),
(160, '758 Staunton Ct', '', 'City14', '89627', 1111),
(161, '409 Main Ct', '', 'City18', '76244', 968),
(162, '972 Nantucket St', '', 'City18', '42813', 773),
(163, '425 Freedom Ct', '', 'City19', '77474', 1026),
(164, '882 Lombard St', '', 'City20', '89936', 1038),
(165, '330 Sunset Ln', '', 'City20', '54058', 927),
(166, '591 Fayetteville Ln', '', 'City12', '33886', 956),
(167, '302 Fayetteville Av', '', 'City17', '68695', 1121),
(168, '904 Sunset Rd', '', 'City20', '96763', 1021),
(169, '265 Staunton St', '', 'City12', '95409', 968),
(170, '148 Lombard Av', '', 'City13', '28166', 816),
(171, '203 Staunton Ln', 'Apt S', 'City12', '62866', 1001),
(172, '452 Fayetteville St', '', 'City15', '45896', 1149),
(173, '356 Lombard Av', '', 'City12', '28197', 1083),
(174, '407 Fayetteville Rd', '', 'City17', '48696', 1034),
(175, '132 Staunton Ct', '', 'City19', '96384', 683),
(176, '459 Main St', '', 'City11', '42875', 1044),
(177, '361 Broadway St', '', 'City14', '55063', 1184),
(178, '593 Market St', '', 'City12', '83651', 1117),
(179, '316 Lombard Ln', '', 'City10', '39142', 1125),
(180, '404 Sunset Rd', 'Apt X', 'City12', '31332', 1184),
(181, '872 Main St', '', 'City15', '74810', 1048),
(182, '187 Fayetteville Rd', '', 'City13', '79174', 922),
(183, '113 Market St', '', 'City12', '54198', 1044),
(184, '550 Sunset St', '', 'City15', '46997', 683),
(185, '957 Staunton Ct', '', 'City18', '69133', 1117),
(186, '633 Nantucket Av', '', 'City10', '28389', 1076),
(187, '717 Broadway Ct', '', 'City19', '71132', 927),
(188, '748 Broadway St', '', 'City11', '86904', 1111),
(189, '750 Broadway Rd', '', 'City18', '41224', 1121),
(190, '831 Rodeo Ct', 'Apt Q', 'City17', '63273', 968),
(191, '173 Fayetteville Av', '', 'City15', '61855', 988),
(192, '928 Main Av', '', 'City17', '85491', 912),
(193, '751 Freedom Ct', 'Apt F', 'City19', '17646', 1093),
(194, '668 Sunset Av', 'Apt U', 'City20', '21176', 1013),
(195, '742 Staunton Ln', '', 'City16', '97733', 1030),
(196, '619 Market Ln', 'Apt P', 'City12', '84967', 899),
(197, '191 Rodeo St', '', 'City11', '40762', 1121),
(198, '885 Freedom Av', '', 'City18', '52678', 1111),
(199, '155 Freedom Av', 'Apt B', 'City10', '44685', 912),
(200, '884 Fayetteville St', '', 'City15', '56627', 968),
(201, '763 Freedom Ct', 'Apt U', 'City13', '22674', 1065),
(202, '721 Main Ln', '', 'City10', '48768', 1103),
(203, '593 Fayetteville St', '', 'City12', '89737', 1083),
(204, '515 Lombard Av', '', 'City11', '53153', 1065),
(205, '665 Staunton St', 'Apt G', 'City18', '13245', 1025),
(206, '880 Market St', '', 'City15', '13092', 1025),
(207, '580 Sunset Ln', '', 'City11', '80932', 1115),
(208, '825 Staunton Ct', '', 'City10', '20365', 1185),
(209, '740 Rodeo Rd', '', 'City17', '78779', 996),
(210, '371 Staunton Av', '', 'City20', '46620', 966),
(211, '920 Main Ct', '', 'City20', '25383', 1120),
(212, '244 Nantucket Ct', '', 'City11', '29150', 1043),
(213, '135 Rodeo St', 'Apt C', 'City17', '18278', 1031),
(214, '676 Staunton Ln', 'Apt M', 'City19', '82982', 1021),
(215, '348 Freedom St', '', 'City15', '41369', 910),
(216, '895 Rodeo Av', '', 'City14', '56543', 1083),
(217, '164 Broadway Rd', '', 'City12', '54217', 922),
(218, '669 Fayetteville St', '', 'City20', '63174', 910),
(219, '855 Nantucket Rd', '', 'City10', '83688', 816),
(220, '301 Market Ct', '', 'City14', '92661', 1044),
(221, '582 Main St', '', 'City11', '56708', 988),
(222, '704 Nantucket Ln', 'Apt S', 'City10', '41854', 959),
(223, '683 Market Av', '', 'City13', '87526', 1087),
(224, '319 Nantucket Av', '', 'City10', '86280', 1120),
(225, '530 Rodeo Ln', 'Apt I', 'City17', '53765', 1115),
(226, '428 Staunton St', '', 'City13', '97393', 912),
(227, '718 Nantucket Ct', '', 'City10', '65413', 1038),
(228, '781 Rodeo Ln', '', 'City20', '52657', 816),
(229, '233 Broadway Av', '', 'City20', '29035', 996),
(230, '668 Lombard Av', 'Apt Y', 'City10', '23464', 816),
(231, '509 Nantucket Ln', '', 'City11', '40775', 1048),
(232, '797 Market St', '', 'City11', '86664', 1117),
(233, '463 Freedom Ct', '', 'City12', '17765', 1087),
(234, '529 Nantucket Rd', '', 'City11', '33172', 927),
(235, '171 Lombard Ln', '', 'City11', '15012', 1065),
(236, '177 Nantucket Rd', '', 'City19', '19057', 897),
(237, '574 Market Rd', '', 'City11', '68905', 1120),
(238, '869 Rodeo Ct', '', 'City19', '55162', 1076),
(239, '173 Lombard Rd', '', 'City11', '37847', 816),
(240, '440 Rodeo Av', '', 'City18', '36122', 773),
(241, '522 Staunton St', '', 'City17', '56785', 927),
(242, '344 Freedom St', '', 'City11', '46474', 1076),
(243, '729 Sunset Av', 'Apt Y', 'City20', '19658', 1083),
(244, '574 Nantucket Rd', '', 'City17', '33754', 1087),
(245, '251 Rodeo Av', 'Apt Y', 'City13', '25553', 1021),
(246, '872 Sunset Av', 'Apt F', 'City16', '18635', 1001),
(247, '196 Broadway St', '', 'City13', '34718', 959),
(248, '586 Main Av', '', 'City13', '88157', 1031),
(249, '894 Nantucket Av', '', 'City16', '60116', 1117),
(250, '310 Fayetteville Ln', 'Apt S', 'City14', '42010', 1043),
(251, '814 Rodeo Ln', '', 'City17', '29754', 927),
(252, '950 Rodeo St', '', 'City12', '43338', 966),
(253, '740 Freedom Ct', '', 'City11', '67710', 988),
(254, '344 Freedom Ln', 'Apt A', 'City17', '86682', 1087),
(255, '301 Rodeo Av', '', 'City12', '76074', 1048),
(256, '233 Lombard St', 'Apt G', 'City13', '42301', 1184),
(257, '214 Broadway Ct', 'Apt K', 'City20', '12926', 1031),
(258, '820 Lombard Ln', 'Apt F', 'City11', '71727', 1120),
(259, '272 Market St', '', 'City11', '52944', 816),
(260, '912 Freedom Ln', '', 'City12', '58166', 1093),
(261, '349 Market Ct', '', 'City20', '63883', 1184),
(262, '662 Market Rd', 'Apt M', 'City10', '58867', 966),
(263, '813 Sunset Av', '', 'City14', '30335', 1110),
(264, '835 Broadway Ct', '', 'City12', '34961', 773),
(265, '453 Broadway Av', '', 'City19', '24791', 966),
(266, '944 Rodeo Rd', 'Apt U', 'City18', '57646', 1112),
(267, '943 Staunton Ln', '', 'City16', '53976', 1021),
(268, '266 Broadway Rd', '', 'City12', '87207', 1079),
(269, '333 Broadway Ln', '', 'City11', '62685', 1117),
(270, '681 Broadway Rd', '', 'City10', '37312', 1095),
(271, '785 Broadway Ln', 'Apt O', 'City13', '92339', 773),
(272, '396 Broadway Av', '', 'City19', '81425', 1025),
(273, '257 Fayetteville St', '', 'City15', '96682', 910),
(274, '202 Lombard Av', 'Apt U', 'City14', '33775', 1095),
(275, '442 Main Ct', '', 'City13', '76940', 988),
(276, '287 Staunton St', 'Apt P', 'City19', '14421', 922),
(277, '353 Staunton Rd', '', 'City12', '68183', 1079),
(278, '834 Nantucket Av', '', 'City14', '50956', 1112),
(279, '454 Rodeo Av', '', 'City12', '21120', 1095),
(280, '938 Fayetteville Ct', '', 'City18', '58578', 996),
(281, '954 Sunset St', 'Apt V', 'City20', '26772', 1044),
(282, '141 Broadway Rd', '', 'City15', '60585', 955),
(283, '633 Market Ct', '', 'City11', '86590', 1111),
(284, '542 Freedom Av', '', 'City12', '88693', 1112),
(285, '719 Lombard Rd', '', 'City20', '69529', 1083),
(286, '169 Rodeo St', '', 'City17', '19290', 910),
(287, '415 Lombard Av', '', 'City15', '19051', 912),
(288, '493 Staunton Rd', '', 'City13', '51237', 1076),
(289, '518 Sunset Av', '', 'City11', '70494', 1026),
(290, '378 Market Rd', '', 'City20', '60147', 1115),
(291, '750 Market Ln', '', 'City18', '73131', 1034),
(292, '387 Freedom St', '', 'City10', '37719', 1184),
(293, '381 Fayetteville St', 'Apt O', 'City11', '45251', 1083),
(294, '605 Market St', 'Apt E', 'City19', '96648', 959),
(295, '464 Staunton Rd', 'Apt A', 'City10', '79069', 922),
(296, '403 Broadway Ct', '', 'City13', '88465', 988),
(297, '943 Nantucket Ct', 'Apt A', 'City18', '36851', 1115),
(298, '375 Staunton Av', '', 'City10', '82617', 1038),
(299, '686 Broadway Ln', 'Apt E', 'City10', '72809', 1038),
(300, '293 Freedom Ct', '', 'City11', '73231', 1076),
(301, '993 Sunset Av', '', 'City11', '53614', 1044),
(302, '461 Freedom Ln', '', 'City12', '59113', 988),
(303, '817 Staunton Av', 'Apt Z', 'City10', '44700', 1117),
(304, '327 Lombard St', '', 'City20', '73380', 1013),
(305, '941 Broadway Av', '', 'City10', '24366', 1087),
(306, '251 Rodeo Ct', '', 'City13', '42298', 1013),
(307, '368 Nantucket St', '', 'City13', '22634', 1185),
(308, '584 Main Av', '', 'City19', '27235', 966),
(309, '731 Broadway Av', '', 'City18', '25465', 996),
(310, '534 Rodeo Av', '', 'City20', '29754', 1110),
(311, '908 Market St', '', 'City11', '20397', 927),
(312, '770 Main Ct', '', 'City12', '43171', 1031),
(313, '425 Market Ln', '', 'City11', '28832', 1115),
(314, '453 Nantucket Rd', '', 'City18', '90201', 1038),
(315, '764 Broadway Rd', '', 'City18', '71690', 996),
(316, '922 Sunset Ct', '', 'City12', '53036', 1076),
(317, '780 Sunset Rd', '', 'City19', '98344', 1076),
(318, '926 Staunton St', '', 'City16', '48216', 942),
(319, '293 Lombard St', '', 'City19', '56725', 955),
(320, '439 Freedom St', 'Apt A', 'City14', '80233', 1083),
(321, '342 Main Av', '', 'City11', '27753', 1001),
(322, '659 Main Ct', '', 'City13', '67788', 996),
(323, '920 Main Ln', '', 'City20', '76138', 1095),
(324, '408 Sunset Rd', 'Apt L', 'City11', '72442', 1065),
(325, '578 Freedom Ln', '', 'City14', '15339', 1026),
(326, '484 Fayetteville Ct', '', 'City18', '87553', 1043),
(327, '444 Staunton Av', '', 'City12', '68111', 683),
(328, '443 Main Av', '', 'City12', '89460', 1115),
(329, '876 Broadway Ct', '', 'City20', '86931', 1076),
(330, '890 Main Av', '', 'City14', '29001', 773),
(331, '878 Sunset Av', 'Apt S', 'City12', '92619', 956),
(332, '134 Fayetteville Ln', 'Apt Z', 'City11', '64758', 1117),
(333, '631 Sunset Ln', '', 'City16', '18560', 1065),
(334, '424 Fayetteville Rd', '', 'City12', '99809', 1125),
(335, '297 Fayetteville Av', '', 'City11', '41053', 1110),
(336, '262 Lombard St', 'Apt F', 'City12', '70824', 988),
(337, '408 Market St', 'Apt E', 'City15', '45555', 1026),
(338, '584 Lombard St', '', 'City12', '85593', 1087),
(339, '979 Freedom Av', '', 'City14', '20487', 1093),
(340, '800 Lombard St', '', 'City13', '54127', 1079),
(341, '660 Lombard Ln', '', 'City20', '61149', 1079),
(342, '337 Broadway Av', '', 'City13', '16142', 1044),
(343, '732 Staunton Rd', '', 'City12', '93268', 1115),
(344, '436 Nantucket Ct', '', 'City17', '39070', 912),
(345, '929 Staunton Av', '', 'City11', '14270', 897),
(346, '897 Lombard Rd', '', 'City19', '47220', 1103),
(347, '454 Lombard St', '', 'City13', '70015', 1044),
(348, '763 Market Ln', '', 'City15', '68310', 966),
(349, '489 Freedom Av', '', 'City15', '65765', 922),
(350, '784 Rodeo Rd', '', 'City15', '92563', 1125),
(351, '679 Lombard Av', 'Apt D', 'City12', '98471', 1034),
(352, '127 Freedom St', '', 'City10', '84652', 1083),
(353, '426 Nantucket Ln', '', 'City19', '31938', 1026),
(354, '185 Sunset Ln', '', 'City11', '52495', 927),
(355, '670 Staunton St', '', 'City16', '61893', 1079),
(356, '712 Freedom St', '', 'City19', '15283', 1021),
(357, '699 Rodeo Ln', 'Apt I', 'City15', '86504', 1149),
(358, '687 Sunset Av', 'Apt U', 'City17', '48570', 927),
(359, '969 Main Ct', '', 'City18', '92138', 683),
(360, '279 Main Ln', '', 'City11', '49316', 1025),
(361, '651 Market Rd', '', 'City18', '74811', 1076),
(362, '864 Broadway Rd', '', 'City18', '14064', 1093),
(363, '244 Fayetteville St', '', 'City19', '45104', 1184),
(364, '399 Sunset Ct', '', 'City13', '42267', 1065),
(365, '465 Lombard Rd', 'Apt D', 'City19', '68921', 1112),
(366, '207 Sunset Ct', '', 'City16', '68437', 1087),
(367, '892 Market Ln', '', 'City10', '78037', 1021),
(368, '864 Nantucket St', '', 'City20', '71889', 1083),
(369, '633 Broadway Ct', 'Apt K', 'City16', '99193', 1031),
(370, '644 Fayetteville Ln', '', 'City12', '68995', 1112),
(371, '657 Broadway Ct', 'Apt O', 'City17', '51442', 1121),
(372, '718 Staunton Ct', 'Apt U', 'City17', '90532', 1065),
(373, '793 Broadway Av', '', 'City15', '90136', 1076),
(374, '593 Staunton Av', '', 'City18', '86347', 1103),
(375, '485 Fayetteville Ln', '', 'City19', '72938', 816),
(376, '206 Rodeo Ln', 'Apt I', 'City14', '62658', 1125),
(377, '748 Market Ln', '', 'City12', '77885', 1034),
(378, '390 Nantucket Rd', '', 'City19', '51002', 1013),
(379, '179 Sunset St', '', 'City10', '75615', 966),
(380, '933 Lombard St', '', 'City11', '60660', 683),
(381, '361 Main Av', '', 'City13', '17106', 1013),
(382, '470 Freedom Av', '', 'City13', '77540', 1079),
(383, '111 Freedom Ln', '', 'City18', '36890', 1040),
(384, '605 Market Ln', '', 'City19', '36259', 1110),
(385, '198 Freedom Ln', 'Apt J', 'City19', '72346', 1103),
(386, '605 Nantucket Rd', '', 'City13', '93867', 1025),
(387, '364 Main Ct', 'Apt O', 'City17', '68108', 773),
(388, '550 Broadway Av', '', 'City18', '33473', 1079),
(389, '927 Market Av', '', 'City12', '24633', 899),
(390, '522 Fayetteville Av', '', 'City17', '18072', 1040),
(391, '647 Sunset Av', '', 'City20', '17264', 1044),
(392, '477 Market Ln', '', 'City18', '49456', 968),
(393, '490 Sunset St', 'Apt M', 'City15', '36987', 1079),
(394, '354 Fayetteville Av', '', 'City19', '34291', 1030),
(395, '533 Staunton Ln', '', 'City20', '68927', 897),
(396, '411 Freedom Ln', 'Apt Q', 'City20', '25926', 968),
(397, '235 Main Av', '', 'City11', '74651', 968),
(398, '841 Broadway St', '', 'City17', '81171', 1013),
(399, '255 Market Ln', '', 'City20', '80353', 1087),
(400, '399 Lombard Ln', 'Apt X', 'City17', '46085', 1076),
(401, '974 Nantucket Av', '', 'City12', '92741', 1031),
(402, '861 Lombard Rd', '', 'City13', '70457', 1120),
(403, '342 Sunset Ct', '', 'City12', '74710', 1111),
(404, '216 Freedom Ln', '', 'City19', '14665', 1117),
(405, '777 Freedom Rd', '', 'City19', '29216', 1048),
(406, '455 Main Av', 'Apt U', 'City12', '33253', 1013),
(407, '624 Sunset Ct', '', 'City10', '85754', 1125),
(408, '826 Fayetteville Rd', '', 'City11', '98436', 816),
(409, '891 Rodeo Av', 'Apt W', 'City12', '98647', 1079),
(410, '156 Freedom Ln', 'Apt H', 'City10', '53290', 1038),
(411, '487 Market Rd', '', 'City14', '21199', 922),
(412, '947 Rodeo Av', 'Apt S', 'City14', '99109', 1044),
(413, '645 Market Av', '', 'City14', '38288', 1065),
(414, '235 Sunset Rd', '', 'City10', '25974', 1095),
(415, '529 Staunton St', 'Apt M', 'City19', '23566', 1087),
(416, '423 Fayetteville Ct', '', 'City15', '57803', 683),
(417, '464 Main St', '', 'City17', '73939', 959),
(418, '336 Market Ln', 'Apt S', 'City16', '51395', 1040),
(419, '776 Rodeo Rd', '', 'City20', '93104', 1103),
(420, '340 Freedom Ln', 'Apt B', 'City16', '37733', 910),
(421, '695 Rodeo St', '', 'City13', '54506', 1117),
(422, '118 Sunset Av', '', 'City14', '87414', 956),
(423, '632 Sunset Av', '', 'City20', '98867', 1043),
(424, '932 Lombard Ln', 'Apt W', 'City17', '71953', 1001),
(425, '511 Rodeo Av', '', 'City10', '22836', 1110),
(426, '121 Freedom Ln', '', 'City12', '58200', 1031),
(427, '657 Staunton Av', '', 'City20', '95890', 1185),
(428, '299 Fayetteville St', '', 'City10', '47835', 1093),
(429, '210 Nantucket Ct', '', 'City14', '82691', 1076),
(430, '792 Nantucket Av', 'Apt M', 'City14', '59655', 1065),
(431, '605 Freedom Rd', '', 'City18', '69730', 1184),
(432, '929 Main Rd', '', 'City11', '18835', 1076),
(433, '616 Nantucket Ct', '', 'City18', '43333', 1111),
(434, '864 Fayetteville Rd', '', 'City19', '17314', 1103),
(435, '124 Main Ct', '', 'City11', '44521', 1120),
(436, '834 Main Av', '', 'City17', '75675', 978),
(437, '590 Nantucket Rd', '', 'City15', '80029', 1087),
(438, '469 Market St', 'Apt R', 'City17', '63506', 1001),
(439, '848 Rodeo Rd', '', 'City17', '52738', 1112),
(440, '959 Rodeo St', '', 'City10', '63172', 1034),
(441, '547 Nantucket St', 'Apt M', 'City14', '95521', 1185),
(442, '802 Broadway Rd', '', 'City16', '39975', 1149),
(443, '613 Lombard St', '', 'City12', '17385', 683),
(444, '544 Rodeo St', '', 'City20', '46319', 927),
(445, '702 Freedom St', 'Apt I', 'City12', '57639', 959),
(446, '764 Rodeo Rd', '', 'City10', '58958', 978),
(447, '925 Lombard Ct', 'Apt K', 'City10', '17490', 922),
(448, '270 Nantucket Ct', '', 'City19', '14895', 942),
(449, '285 Lombard Av', '', 'City10', '24449', 1026),
(450, '562 Rodeo Ct', '', 'City12', '24847', 816),
(451, '236 Staunton St', '', 'City17', '89849', 683),
(452, '676 Lombard Rd', '', 'City20', '20987', 1111),
(453, '719 Rodeo Ct', '', 'City12', '72527', 1111),
(454, '772 Lombard St', 'Apt G', 'City11', '20212', 978),
(455, '314 Lombard Ln', 'Apt C', 'City15', '98613', 1103),
(456, '480 Market Ln', '', 'City11', '92476', 1021),
(457, '164 Freedom St', '', 'City19', '32013', 996),
(458, '301 Freedom Ct', 'Apt X', 'City15', '23323', 968),
(459, '324 Freedom Ln', '', 'City13', '66052', 968),
(460, '311 Freedom Rd', 'Apt X', 'City15', '51570', 1031),
(461, '993 Sunset Ln', '', 'City19', '35898', 927),
(462, '662 Market Ct', '', 'City14', '47818', 1013),
(463, '694 Rodeo Rd', '', 'City16', '48851', 1001),
(464, '723 Rodeo Av', '', 'City19', '47316', 959),
(465, '989 Rodeo Ln', 'Apt O', 'City10', '49448', 968),
(466, '296 Market Ln', '', 'City13', '32617', 1001),
(467, '789 Lombard Rd', '', 'City11', '17844', 988),
(468, '250 Market St', 'Apt M', 'City14', '62821', 988),
(469, '532 Market Ln', '', 'City20', '55542', 988),
(470, '195 Freedom Rd', '', 'City20', '36208', 1065),
(471, '160 Fayetteville St', 'Apt R', 'City13', '70143', 1093),
(472, '414 Nantucket St', '', 'City18', '75602', 1125),
(473, '569 Main Av', '', 'City12', '46393', 1031),
(474, '138 Nantucket St', 'Apt U', 'City11', '82566', 1065),
(475, '217 Broadway St', '', 'City10', '63966', 1184),
(476, '342 Staunton St', 'Apt R', 'City10', '32818', 816),
(477, '926 Main St', '', 'City16', '83250', 1031),
(478, '859 Rodeo St', '', 'City12', '97364', 773),
(479, '790 Freedom Rd', 'Apt J', 'City14', '51303', 1038),
(480, '222 Market Rd', '', 'City15', '25976', 1065),
(481, '429 Market St', '', 'City19', '52272', 1149),
(482, '831 Lombard Rd', 'Apt C', 'City11', '38898', 1117),
(483, '179 Freedom Rd', '', 'City13', '45477', 942),
(484, '808 Sunset Rd', '', 'City12', '18521', 1149),
(485, '778 Rodeo Av', 'Apt U', 'City20', '53351', 922),
(486, '511 Staunton Rd', 'Apt D', 'City20', '71602', 1021),
(487, '256 Main Ln', '', 'City20', '76767', 959),
(488, '682 Lombard Rd', '', 'City16', '83902', 899),
(489, '486 Sunset St', '', 'City10', '38118', 956),
(490, '717 Lombard Ct', '', 'City10', '26435', 773),
(491, '834 Broadway Ln', '', 'City13', '15448', 1115),
(492, '389 Lombard Ct', '', 'City14', '82797', 912),
(493, '363 Fayetteville Rd', 'Apt D', 'City14', '84290', 922),
(494, '695 Fayetteville Av', '', 'City15', '57024', 1093),
(495, '137 Lombard St', 'Apt Q', 'City17', '63355', 1184),
(496, '302 Main Rd', '', 'City10', '22921', 910),
(497, '304 Rodeo Ln', '', 'City12', '21945', 899),
(498, '835 Broadway St', '', 'City11', '91235', 1001),
(499, '923 Broadway Ln', 'Apt C', 'City14', '97444', 942),
(500, '334 Lombard St', '', 'City16', '67638', 1076),
(501, '841 Rodeo Ln', '', 'City14', '83839', 1030),
(502, '610 Lombard Ct', '', 'City14', '92669', 1083),
(503, '439 Rodeo Ln', '', 'City18', '54862', 899),
(504, '119 Sunset Rd', '', 'City15', '68750', 1185),
(505, '164 Staunton Av', 'Apt R', 'City17', '36220', 1079),
(506, '821 Freedom Ln', '', 'City16', '93829', 959),
(507, '151 Nantucket Ct', 'Apt W', 'City15', '14067', 910),
(508, '993 Freedom Av', '', 'City18', '29628', 1038),
(509, '892 Freedom St', 'Apt H', 'City20', '42631', 816),
(510, '114 Freedom Ct', '', 'City17', '42606', 1093),
(511, '888 Nantucket Rd', '', 'City14', '67885', 1185),
(512, '949 Market Ct', '', 'City10', '79704', 1044),
(513, '319 Nantucket Av', 'Apt I', 'City20', '43040', 899),
(514, '797 Sunset Ln', 'Apt B', 'City12', '15321', 773),
(515, '887 Freedom Av', 'Apt C', 'City10', '43240', 1110),
(516, '189 Market St', '', 'City12', '46770', 1117),
(517, '333 Staunton Rd', '', 'City17', '84511', 1076),
(518, '726 Broadway Ln', 'Apt A', 'City12', '42327', 1038),
(519, '117 Sunset Av', 'Apt B', 'City16', '54851', 1115),
(520, '863 Market Ct', '', 'City11', '86137', 956),
(521, '139 Nantucket St', '', 'City20', '30694', 1095),
(522, '820 Rodeo Ln', 'Apt T', 'City19', '63888', 1065),
(523, '529 Freedom Ct', '', 'City17', '43852', 1065),
(524, '679 Main St', '', 'City11', '18559', 955),
(525, '250 Rodeo Ct', '', 'City18', '91817', 899),
(526, '836 Lombard Ct', '', 'City13', '70399', 1001),
(527, '755 Sunset Ct', '', 'City12', '86047', 1121),
(528, '485 Lombard Ct', '', 'City19', '49952', 1093),
(529, '631 Staunton Ln', '', 'City17', '87317', 968),
(530, '212 Market Ln', '', 'City18', '24438', 1083),
(531, '827 Staunton Ln', '', 'City19', '66017', 1079),
(532, '615 Rodeo Ct', '', 'City18', '77686', 1115),
(533, '412 Fayetteville St', '', 'City20', '39036', 1040),
(534, '348 Rodeo Av', 'Apt S', 'City11', '58140', 1030),
(535, '854 Nantucket Ct', '', 'City12', '29161', 899),
(536, '616 Broadway Ln', '', 'City12', '86103', 955),
(537, '672 Main Ct', '', 'City14', '36538', 1110),
(538, '184 Market Ct', '', 'City15', '99186', 816),
(539, '727 Nantucket Ln', '', 'City17', '43610', 1120),
(540, '440 Sunset St', '', 'City13', '32595', 1110),
(541, '500 Market Rd', '', 'City13', '28146', 1093),
(542, '735 Staunton St', '', 'City13', '19579', 1117),
(543, '179 Lombard Rd', 'Apt E', 'City12', '38461', 1043),
(544, '561 Market Ct', 'Apt L', 'City16', '58416', 1001),
(545, '316 Main St', '', 'City11', '71825', 922),
(546, '854 Rodeo Av', '', 'City14', '34308', 1083),
(547, '875 Staunton Rd', '', 'City19', '79087', 1001),
(548, '537 Market Ln', 'Apt M', 'City11', '16201', 1149),
(549, '622 Lombard Av', '', 'City15', '23258', 988),
(550, '537 Lombard Ct', 'Apt U', 'City17', '54506', 816),
(551, '508 Broadway Ct', 'Apt D', 'City18', '74694', 912),
(552, '399 Market Ln', 'Apt T', 'City15', '76555', 1038),
(553, '488 Rodeo St', '', 'City14', '60845', 927),
(554, '831 Sunset Av', '', 'City12', '91731', 1034),
(555, '778 Nantucket Av', '', 'City17', '90931', 1117),
(556, '474 Fayetteville Av', '', 'City14', '57857', 1083),
(557, '902 Market Rd', '', 'City17', '17130', 1117),
(558, '784 Lombard Av', 'Apt C', 'City13', '97632', 1034),
(559, '313 Lombard Ln', '', 'City11', '89689', 1083),
(560, '599 Lombard Rd', '', 'City12', '17314', 1025),
(561, '526 Broadway St', 'Apt J', 'City17', '60481', 988),
(562, '392 Rodeo Ct', '', 'City13', '51674', 683),
(563, '187 Staunton Rd', '', 'City17', '20176', 966),
(564, '790 Main Ln', 'Apt R', 'City12', '62983', 1034),
(565, '935 Market Ct', '', 'City11', '94499', 899),
(566, '728 Staunton Ln', '', 'City13', '75458', 1021),
(567, '603 Fayetteville Ln', 'Apt R', 'City19', '20180', 996),
(568, '526 Sunset St', '', 'City19', '54548', 1043),
(569, '114 Market Ln', '', 'City12', '33177', 1034),
(570, '715 Market Rd', '', 'City16', '32728', 966),
(571, '691 Nantucket Av', 'Apt U', 'City20', '26663', 1103),
(572, '435 Fayetteville Av', '', 'City18', '95210', 1093),
(573, '222 Freedom Av', '', 'City14', '36375', 1040),
(574, '170 Lombard Rd', '', 'City19', '17486', 927),
(575, '476 Fayetteville St', 'Apt H', 'City16', '61211', 773),
(576, '307 Sunset Av', '', 'City19', '61152', 1112),
(577, '227 Staunton Rd', '', 'City16', '71609', 912),
(578, '162 Broadway Ln', '', 'City11', '88496', 816),
(579, '264 Freedom St', 'Apt S', 'City13', '13438', 956),
(580, '971 Market St', '', 'City15', '70930', 1087),
(581, '695 Nantucket Ln', '', 'City15', '71781', 1103),
(582, '970 Nantucket Ct', '', 'City11', '62466', 996),
(583, '645 Staunton Ct', '', 'City19', '51062', 955),
(584, '865 Main Av', 'Apt Q', 'City20', '93581', 1025),
(585, '453 Fayetteville Av', '', 'City13', '64545', 1111),
(586, '663 Rodeo Ct', '', 'City20', '97149', 966),
(587, '651 Fayetteville Rd', '', 'City12', '35749', 1026),
(588, '723 Market Av', '', 'City17', '54069', 1079),
(589, '713 Main Av', '', 'City15', '83213', 988),
(590, '890 Nantucket Rd', '', 'City16', '44800', 922),
(591, '962 Fayetteville Ct', '', 'City13', '27969', 773),
(592, '578 Staunton Av', '', 'City14', '17677', 996),
(593, '626 Staunton Ln', '', 'City17', '99528', 1087),
(594, '850 Broadway Ct', '', 'City12', '38918', 773),
(595, '283 Staunton St', 'Apt A', 'City10', '46598', 1087),
(596, '274 Freedom St', '', 'City13', '61806', 1043),
(597, '419 Fayetteville Ln', 'Apt H', 'City15', '78806', 1111),
(598, '501 Market Ct', '', 'City18', '67683', 1087),
(599, '547 Broadway Av', '', 'City17', '60068', 1044),
(600, '431 Nantucket Av', '', 'City14', '13654', 1110);

-- --------------------------------------------------------

--
-- Table structure for table `branch`
--

CREATE TABLE `branch` (
  `branch_no` varchar(5) NOT NULL DEFAULT 'null',
  `address_id` int(11) NOT NULL
) ENGINE=InnoDB DEFAULT CHARSET=latin1;

--
-- Dumping data for table `branch`
--

INSERT INTO `branch` (`branch_no`, `address_id`) VALUES
('B026', 109),
('B056', 126),
('B069', 142),
('B027', 152),
('B028', 198),
('B058', 216),
('B081', 221),
('B084', 226),
('B032', 237),
('B017', 243),
('B070', 255),
('B063', 269),
('B046', 351),
('B050', 393),
('B036', 406),
('B090', 413),
('B037', 463),
('B019', 496),
('B03', 523),
('B074', 556);

-- --------------------------------------------------------

--
-- Table structure for table `client`
--

CREATE TABLE `client` (
  `client_no` varchar(5) NOT NULL,
  `person_id` int(11) DEFAULT NULL,
  `telephone` varchar(13) DEFAULT 'null',
  `email` varchar(45) DEFAULT 'null',
  `pref_type` varchar(16) DEFAULT 'null',
  `max_rent` int(11) DEFAULT NULL
) ENGINE=InnoDB DEFAULT CHARSET=latin1;

--
-- Dumping data for table `client`
--

INSERT INTO `client` (`client_no`, `person_id`, `telephone`, `email`, `pref_type`, `max_rent`) VALUES
('CR1', 370, '693-715-6119', 'personfirstname370.personlastname370@outlook.', 'Apartment', 318),
('CR10', 89, '517-920-7804', 'personfirstname89_personlastname89@yahoo.com', 'House', 681),
('CR100', 170, '272-572-4820', 'personfirstname170_personlastname170@msn.com', 'Apartment', 296),
('CR101', 298, '316-839-2840', 'personfirstname298_personlastname298@aol.com', 'Flat', 590),
('CR102', 379, '177-788-5385', 'personfirstname379.personlastname379@yahoo.co', 'Condo', 11),
('CR103', 93, 'NULL', 'personfirstname93.personlastname93@yahoo.com', 'Flat', 133),
('CR104', 28, 'NULL', 'personfirstname28.personlastname28@icloud.com', 'Condo', 983),
('CR105', 363, '768-604-3668', 'personfirstname363_personlastname363@outlook.', 'House', 330),
('CR106', 221, 'NULL', 'personfirstname221_personlastname221@outlook.', 'Flat', 400),
('CR107', 314, '621-763-4004', 'personfirstname314.personlastname314@icloud.c', 'House', 987),
('CR108', 194, '733-233-2190', 'personfirstname194_personlastname194@aol.com', 'Flat', 905),
('CR109', 112, '199-867-3566', 'personfirstname112_personlastname112@gmail.co', 'House', 41),
('CR11', 220, '311-116-2378', 'personfirstname220.personlastname220@aol.com', 'Apartment', 53),
('CR110', 384, 'NULL', 'personfirstname384_personlastname384@gmail.co', 'House', 592),
('CR111', 94, '748-946-7361', 'personfirstname94_personlastname94@msn.com', 'Condo', 511),
('CR112', 104, '605-175-2883', 'personfirstname104_personlastname104@outlook.', 'House', 569),
('CR113', 207, '527-959-9578', 'personfirstname207.personlastname207@yahoo.co', 'House', 58),
('CR114', 102, '583-453-5274', 'personfirstname102.personlastname102@msn.com', 'Apartment', 176),
('CR115', 186, '121-421-1456', 'personfirstname186_personlastname186@msn.com', 'Condo', 482),
('CR116', 214, 'NULL', 'personfirstname214.personlastname214@aol.com', 'House', 840),
('CR117', 79, '135-321-2138', 'personfirstname79.personlastname79@yahoo.com', 'Condo', 656),
('CR118', 7, '344-312-4283', 'personfirstname7.personlastname7@yahoo.com', 'Apartment', 84),
('CR119', 349, '282-718-7306', 'personfirstname349_personlastname349@icloud.c', 'Apartment', 657),
('CR12', 33, 'NULL', 'personfirstname33_personlastname33@yahoo.com', 'Condo', 277),
('CR120', 182, '741-940-4098', 'personfirstname182_personlastname182@gmail.co', 'House', 533),
('CR121', 161, 'NULL', 'personfirstname161.personlastname161@aol.com', 'House', 828),
('CR122', 9, 'NULL', 'personfirstname9.personlastname9@gmail.com', 'Apartment', 552),
('CR123', 222, 'NULL', 'personfirstname222.personlastname222@outlook.', 'House', 889),
('CR124', 125, '305-698-5561', 'personfirstname125_personlastname125@zoho.com', 'Flat', 379),
('CR125', 290, 'NULL', 'personfirstname290.personlastname290@aol.com', 'House', 527),
('CR126', 107, '592-871-3270', 'personfirstname107_personlastname107@msn.com', 'Condo', 552),
('CR127', 261, '414-890-9688', 'personfirstname261_personlastname261@msn.com', 'Apartment', 130),
('CR128', 321, '200-184-1170', 'personfirstname321.personlastname321@aol.com', 'Flat', 481),
('CR129', 115, '204-432-3990', 'personfirstname115_personlastname115@yahoo.co', 'Apartment', 373),
('CR13', 202, '162-330-9335', 'personfirstname202_personlastname202@msn.com', 'Apartment', 540),
('CR130', 349, '132-664-9600', 'personfirstname349.personlastname349@yahoo.co', 'House', 85),
('CR131', 192, 'NULL', 'personfirstname192.personlastname192@icloud.c', 'Apartment', 706),
('CR132', 317, '299-292-3349', 'personfirstname317.personlastname317@aol.com', 'Apartment', 793),
('CR133', 286, '398-358-9933', 'personfirstname286_personlastname286@icloud.c', 'House', 385),
('CR134', 307, 'NULL', 'personfirstname307_personlastname307@yahoo.co', 'Flat', 512),
('CR135', 397, '709-464-4666', 'personfirstname397_personlastname397@icloud.c', 'Flat', 348),
('CR136', 388, '680-331-5069', 'personfirstname388_personlastname388@gmail.co', 'Flat', 6),
('CR137', 135, '583-592-1810', 'personfirstname135.personlastname135@icloud.c', 'Flat', 768),
('CR138', 21, '359-143-9283', 'personfirstname21_personlastname21@aol.com', 'Condo', 581),
('CR139', 250, '350-932-1455', 'personfirstname250.personlastname250@zoho.com', 'House', 76),
('CR14', 180, '392-845-4458', 'personfirstname180.personlastname180@aol.com', 'House', 422),
('CR140', 73, '577-880-7523', 'personfirstname73.personlastname73@outlook.co', 'House', 179),
('CR141', 19, 'NULL', 'personfirstname19.personlastname19@msn.com', 'Condo', 866),
('CR142', 79, 'NULL', 'personfirstname79.personlastname79@zoho.com', 'Flat', 374),
('CR143', 201, 'NULL', 'personfirstname201_personlastname201@gmx.com', 'Apartment', 469),
('CR144', 183, '533-667-4360', 'personfirstname183.personlastname183@gmx.com', 'Flat', 120),
('CR145', 337, '337-522-7826', 'personfirstname337_personlastname337@zoho.com', 'House', 993),
('CR146', 289, '125-311-3958', 'personfirstname289.personlastname289@outlook.', 'Flat', 319),
('CR147', 372, '703-874-2258', 'personfirstname372_personlastname372@msn.com', 'House', 829),
('CR148', 107, '736-932-1865', 'personfirstname107.personlastname107@gmx.com', 'Condo', 924),
('CR149', 41, '386-505-2670', 'personfirstname41_personlastname41@zoho.com', 'Flat', 131),
('CR15', 246, '569-809-3573', 'personfirstname246.personlastname246@outlook.', 'Condo', 114),
('CR150', 358, '192-584-3144', 'personfirstname358.personlastname358@yahoo.co', 'Condo', 584),
('CR16', 218, '423-216-9382', 'personfirstname218_personlastname218@msn.com', 'Flat', 156),
('CR17', 102, '371-897-8203', 'personfirstname102.personlastname102@msn.com', 'Apartment', 279),
('CR18', 273, '157-970-9908', 'personfirstname273.personlastname273@aol.com', 'Condo', 129),
('CR19', 28, '529-730-1139', 'personfirstname28_personlastname28@outlook.co', 'Flat', 602),
('CR2', 57, '417-967-8571', 'personfirstname57_personlastname57@zoho.com', 'Apartment', 465),
('CR20', 169, '715-776-7626', 'personfirstname169_personlastname169@gmx.com', 'Flat', 607),
('CR21', 53, '401-626-2108', 'personfirstname53.personlastname53@outlook.co', 'Apartment', 997),
('CR22', 52, '513-412-7216', 'personfirstname52_personlastname52@aol.com', 'Apartment', 368),
('CR23', 258, '476-510-8507', 'personfirstname258.personlastname258@aol.com', 'Condo', 534),
('CR24', 67, '597-961-2358', 'personfirstname67_personlastname67@gmail.com', 'House', 498),
('CR25', 48, '153-631-1440', 'personfirstname48.personlastname48@zoho.com', 'House', 684),
('CR26', 354, '149-963-2772', 'personfirstname354.personlastname354@gmx.com', 'House', 746),
('CR27', 372, '538-366-9012', 'personfirstname372_personlastname372@icloud.c', 'House', 382),
('CR28', 352, '294-914-1210', 'personfirstname352.personlastname352@outlook.', 'House', 454),
('CR29', 323, '492-907-9706', 'personfirstname323.personlastname323@yahoo.co', 'Condo', 75),
('CR3', 346, '729-753-6911', 'personfirstname346_personlastname346@outlook.', 'Apartment', 764),
('CR30', 97, 'NULL', 'personfirstname97_personlastname97@outlook.co', 'Flat', 902),
('CR31', 392, '320-312-1392', 'personfirstname392_personlastname392@gmail.co', 'Apartment', 536),
('CR32', 157, '753-134-3804', 'personfirstname157_personlastname157@outlook.', 'Flat', 442),
('CR33', 279, '273-575-3894', 'personfirstname279.personlastname279@outlook.', 'Flat', 107),
('CR34', 153, '438-753-3648', 'personfirstname153.personlastname153@msn.com', 'House', 285),
('CR35', 156, '698-537-4690', 'personfirstname156_personlastname156@aol.com', 'House', 591),
('CR36', 100, '394-424-2483', 'personfirstname100_personlastname100@outlook.', 'Flat', 658),
('CR37', 383, '623-426-8270', 'personfirstname383.personlastname383@zoho.com', 'House', 345),
('CR38', 290, '116-316-3402', 'personfirstname290_personlastname290@icloud.c', 'Condo', 949),
('CR39', 333, '369-853-2973', 'personfirstname333_personlastname333@gmx.com', 'Apartment', 84),
('CR4', 215, '502-619-4277', 'personfirstname215_personlastname215@icloud.c', 'Apartment', 891),
('CR40', 350, '638-914-8928', 'personfirstname350_personlastname350@outlook.', 'Condo', 247),
('CR41', 103, 'NULL', 'personfirstname103_personlastname103@icloud.c', 'Apartment', 335),
('CR42', 60, '497-739-5253', 'personfirstname60.personlastname60@gmail.com', 'Condo', 214),
('CR43', 256, '372-333-6804', 'personfirstname256_personlastname256@gmail.co', 'Flat', 288),
('CR44', 276, '642-821-1955', 'personfirstname276.personlastname276@outlook.', 'Apartment', 385),
('CR45', 102, 'NULL', 'personfirstname102.personlastname102@zoho.com', 'Flat', 373),
('CR46', 85, '355-555-1851', 'personfirstname85.personlastname85@yahoo.com', 'Flat', 913),
('CR47', 103, '552-387-8826', 'personfirstname103.personlastname103@gmail.co', 'Condo', 254),
('CR48', 131, '114-693-1552', 'personfirstname131.personlastname131@yahoo.co', 'Flat', 186),
('CR49', 137, 'NULL', 'personfirstname137.personlastname137@msn.com', 'Apartment', 627),
('CR5', 297, '209-473-9111', 'personfirstname297_personlastname297@gmx.com', 'Flat', 518),
('CR50', 327, 'NULL', 'personfirstname327.personlastname327@outlook.', 'Apartment', 989),
('CR51', 17, '579-457-2578', 'personfirstname17_personlastname17@icloud.com', 'Flat', 130),
('CR52', 28, 'NULL', 'personfirstname28.personlastname28@icloud.com', 'Condo', 758),
('CR53', 148, 'NULL', 'personfirstname148_personlastname148@zoho.com', 'House', 964),
('CR54', 205, '127-299-7860', 'personfirstname205_personlastname205@gmail.co', 'House', 442),
('CR55', 16, '165-639-9623', 'personfirstname16_personlastname16@zoho.com', 'House', 143),
('CR56', 115, '562-614-8914', 'personfirstname115.personlastname115@yahoo.co', 'Flat', 894),
('CR57', 313, 'NULL', 'personfirstname313_personlastname313@aol.com', 'Flat', 741),
('CR58', 79, 'NULL', 'personfirstname79.personlastname79@gmx.com', 'Flat', 42),
('CR59', 25, '535-113-9797', 'personfirstname25.personlastname25@zoho.com', 'Flat', 470),
('CR6', 165, '572-159-9328', 'personfirstname165.personlastname165@msn.com', 'Condo', 996),
('CR60', 123, '614-553-8736', 'personfirstname123.personlastname123@yahoo.co', 'Apartment', 724),
('CR61', 282, '112-916-1516', 'personfirstname282_personlastname282@aol.com', 'Flat', 484),
('CR62', 58, '652-410-6161', 'personfirstname58.personlastname58@outlook.co', 'Condo', 408),
('CR63', 141, '616-816-8675', 'personfirstname141.personlastname141@zoho.com', 'House', 113),
('CR64', 328, '422-582-9805', 'personfirstname328_personlastname328@aol.com', 'Flat', 932),
('CR65', 298, '777-147-6999', 'personfirstname298.personlastname298@yahoo.co', 'Flat', 697),
('CR66', 345, '219-809-2703', 'personfirstname345.personlastname345@zoho.com', 'Flat', 200),
('CR67', 390, '656-778-9589', 'personfirstname390_personlastname390@gmx.com', 'Apartment', 278),
('CR68', 148, '260-206-4507', 'personfirstname148.personlastname148@yahoo.co', 'Apartment', 207),
('CR69', 150, '232-567-2039', 'personfirstname150_personlastname150@gmx.com', 'Flat', 786),
('CR7', 228, '305-621-4446', 'personfirstname228.personlastname228@zoho.com', 'Condo', 249),
('CR70', 290, '297-710-2628', 'personfirstname290.personlastname290@aol.com', 'Apartment', 772),
('CR71', 329, 'NULL', 'personfirstname329.personlastname329@yahoo.co', 'House', 659),
('CR72', 387, '124-385-4740', 'personfirstname387_personlastname387@msn.com', 'Flat', 458),
('CR73', 228, '368-115-4447', 'personfirstname228.personlastname228@icloud.c', 'Flat', 614),
('CR74', 234, 'NULL', 'personfirstname234.personlastname234@msn.com', 'Condo', 313),
('CR75', 345, '504-622-2518', 'personfirstname345.personlastname345@aol.com', 'Flat', 569),
('CR76', 354, '187-262-5049', 'personfirstname354_personlastname354@yahoo.co', 'Flat', 544),
('CR77', 78, '271-640-2282', 'personfirstname78.personlastname78@gmx.com', 'Apartment', 69),
('CR78', 20, 'NULL', 'personfirstname20_personlastname20@gmx.com', 'Flat', 801),
('CR79', 101, '492-954-5975', 'personfirstname101.personlastname101@zoho.com', 'Flat', 558),
('CR8', 114, 'NULL', 'personfirstname114_personlastname114@zoho.com', 'House', 993),
('CR80', 164, '764-975-7440', 'personfirstname164_personlastname164@aol.com', 'Flat', 146),
('CR81', 305, '640-486-3398', 'personfirstname305_personlastname305@aol.com', 'Flat', 833),
('CR82', 278, '444-316-8118', 'personfirstname278_personlastname278@gmail.co', 'Condo', 142),
('CR83', 242, 'NULL', 'personfirstname242.personlastname242@gmail.co', 'Apartment', 186),
('CR84', 72, '335-947-9670', 'personfirstname72.personlastname72@icloud.com', 'Apartment', 78),
('CR85', 185, '242-882-9587', 'personfirstname185.personlastname185@yahoo.co', 'Condo', 280),
('CR86', 335, '703-398-9652', 'personfirstname335_personlastname335@gmx.com', 'Condo', 577),
('CR87', 317, '416-425-8379', 'personfirstname317_personlastname317@aol.com', 'Flat', 59),
('CR88', 380, '143-573-1549', 'personfirstname380.personlastname380@gmail.co', 'Apartment', 961),
('CR89', 90, '446-207-7472', 'personfirstname90_personlastname90@yahoo.com', 'Apartment', 35),
('CR9', 256, '201-803-7246', 'personfirstname256_personlastname256@zoho.com', 'Apartment', 580),
('CR90', 187, '204-172-3039', 'personfirstname187_personlastname187@gmx.com', 'Condo', 802),
('CR91', 98, 'NULL', 'personfirstname98_personlastname98@msn.com', 'House', 765),
('CR92', 279, '490-759-3807', 'personfirstname279.personlastname279@gmail.co', 'Condo', 624),
('CR93', 229, '159-150-4261', 'personfirstname229.personlastname229@msn.com', 'Condo', 613),
('CR94', 100, '352-376-2728', 'personfirstname100.personlastname100@icloud.c', 'Condo', 586),
('CR95', 224, '288-815-2521', 'personfirstname224_personlastname224@msn.com', 'Apartment', 435),
('CR96', 191, '677-280-9962', 'personfirstname191.personlastname191@gmail.co', 'Apartment', 128),
('CR97', 239, '709-987-4746', 'personfirstname239_personlastname239@zoho.com', 'Apartment', 229),
('CR98', 25, '544-345-5409', 'personfirstname25.personlastname25@icloud.com', 'Condo', 543),
('CR99', 375, '362-681-5965', 'personfirstname375_personlastname375@zoho.com', 'Condo', 681);

-- --------------------------------------------------------

--
-- Table structure for table `person`
--

CREATE TABLE `person` (
  `person_id` int(11) NOT NULL,
  `first_name` varchar(45) NOT NULL DEFAULT 'null',
  `last_name` varchar(45) NOT NULL DEFAULT 'null',
  `sex` varchar(1) NOT NULL,
  `dob` datetime NOT NULL,
  `address_id` int(11) NOT NULL
) ENGINE=InnoDB DEFAULT CHARSET=latin1;

--
-- Dumping data for table `person`
--

INSERT INTO `person` (`person_id`, `first_name`, `last_name`, `sex`, `dob`, `address_id`) VALUES
(1, 'PersonFirstName1', 'PersonLastName1', 'M', '1990-06-23 00:00:00', 119),
(2, 'PersonFirstName2', 'PersonLastName2', 'F', '1981-11-11 00:00:00', 259),
(3, 'PersonFirstName3', 'PersonLastName3', 'M', '1950-10-01 00:00:00', 377),
(4, 'PersonFirstName4', 'PersonLastName4', 'M', '1942-05-08 00:00:00', 155),
(5, 'PersonFirstName5', 'PersonLastName5', 'M', '1924-06-05 00:00:00', 548),
(6, 'PersonFirstName6', 'PersonLastName6', 'M', '1999-04-09 00:00:00', 487),
(7, 'PersonFirstName7', 'PersonLastName7', 'M', '1955-10-07 00:00:00', 551),
(8, 'PersonFirstName8', 'PersonLastName8', 'M', '1958-10-11 00:00:00', 548),
(9, 'PersonFirstName9', 'PersonLastName9', 'F', '1929-11-21 00:00:00', 119),
(10, 'PersonFirstName10', 'PersonLastName10', 'M', '1930-12-26 00:00:00', 308),
(11, 'PersonFirstName11', 'PersonLastName11', 'F', '1975-07-09 00:00:00', 419),
(12, 'PersonFirstName12', 'PersonLastName12', 'F', '1905-08-09 00:00:00', 330),
(13, 'PersonFirstName13', 'PersonLastName13', 'M', '1988-02-10 00:00:00', 158),
(14, 'PersonFirstName14', 'PersonLastName14', 'F', '1993-11-22 00:00:00', 415),
(15, 'PersonFirstName15', 'PersonLastName15', 'M', '1983-12-09 00:00:00', 500),
(16, 'PersonFirstName16', 'PersonLastName16', 'M', '1954-04-09 00:00:00', 449),
(17, 'PersonFirstName17', 'PersonLastName17', 'M', '1941-10-02 00:00:00', 446),
(18, 'PersonFirstName18', 'PersonLastName18', 'M', '1972-03-18 00:00:00', 195),
(19, 'PersonFirstName19', 'PersonLastName19', 'F', '1968-04-06 00:00:00', 194),
(20, 'PersonFirstName20', 'PersonLastName20', 'M', '1944-11-18 00:00:00', 116),
(21, 'PersonFirstName21', 'PersonLastName21', 'M', '1946-08-01 00:00:00', 593),
(22, 'PersonFirstName22', 'PersonLastName22', 'F', '1907-04-20 00:00:00', 462),
(23, 'PersonFirstName23', 'PersonLastName23', 'M', '1933-08-08 00:00:00', 200),
(24, 'PersonFirstName24', 'PersonLastName24', 'F', '0000-00-00 00:00:00', 395),
(25, 'PersonFirstName25', 'PersonLastName25', 'F', '1976-06-10 00:00:00', 581),
(26, 'PersonFirstName26', 'PersonLastName26', 'F', '1989-09-25 00:00:00', 274),
(27, 'PersonFirstName27', 'PersonLastName27', 'F', '1901-06-04 00:00:00', 444),
(28, 'PersonFirstName28', 'PersonLastName28', 'M', '1957-10-01 00:00:00', 401),
(29, 'PersonFirstName29', 'PersonLastName29', 'F', '1912-04-15 00:00:00', 276),
(30, 'PersonFirstName30', 'PersonLastName30', 'M', '1918-08-12 00:00:00', 338),
(31, 'PersonFirstName31', 'PersonLastName31', 'F', '1964-08-28 00:00:00', 211),
(32, 'PersonFirstName32', 'PersonLastName32', 'F', '1990-12-25 00:00:00', 398),
(33, 'PersonFirstName33', 'PersonLastName33', 'M', '1915-03-21 00:00:00', 488),
(34, 'PersonFirstName34', 'PersonLastName34', 'F', '1919-03-21 00:00:00', 560),
(35, 'PersonFirstName35', 'PersonLastName35', 'M', '1971-03-07 00:00:00', 481),
(36, 'PersonFirstName36', 'PersonLastName36', 'F', '1999-03-03 00:00:00', 271),
(37, 'PersonFirstName37', 'PersonLastName37', 'F', '1969-09-01 00:00:00', 333),
(38, 'PersonFirstName38', 'PersonLastName38', 'F', '1964-09-05 00:00:00', 426),
(39, 'PersonFirstName39', 'PersonLastName39', 'M', '1902-02-25 00:00:00', 532),
(40, 'PersonFirstName40', 'PersonLastName40', 'M', '1925-05-28 00:00:00', 340),
(41, 'PersonFirstName41', 'PersonLastName41', 'F', '1965-06-19 00:00:00', 541),
(42, 'PersonFirstName42', 'PersonLastName42', 'F', '1987-04-05 00:00:00', 301),
(43, 'PersonFirstName43', 'PersonLastName43', 'F', '1962-10-07 00:00:00', 410),
(44, 'PersonFirstName44', 'PersonLastName44', 'F', '1943-04-14 00:00:00', 464),
(45, 'PersonFirstName45', 'PersonLastName45', 'F', '1991-05-30 00:00:00', 546),
(46, 'PersonFirstName46', 'PersonLastName46', 'M', '1996-02-28 00:00:00', 103),
(47, 'PersonFirstName47', 'PersonLastName47', 'F', '1908-09-25 00:00:00', 565),
(48, 'PersonFirstName48', 'PersonLastName48', 'M', '1947-06-19 00:00:00', 269),
(49, 'PersonFirstName49', 'PersonLastName49', 'M', '1914-08-24 00:00:00', 362),
(50, 'PersonFirstName50', 'PersonLastName50', 'F', '1982-06-25 00:00:00', 213),
(51, 'PersonFirstName51', 'PersonLastName51', 'F', '1980-01-09 00:00:00', 140),
(52, 'PersonFirstName52', 'PersonLastName52', 'M', '1978-08-19 00:00:00', 518),
(53, 'PersonFirstName53', 'PersonLastName53', 'M', '1947-05-13 00:00:00', 427),
(54, 'PersonFirstName54', 'PersonLastName54', 'M', '0000-00-00 00:00:00', 523),
(55, 'PersonFirstName55', 'PersonLastName55', 'F', '1906-10-10 00:00:00', 169),
(56, 'PersonFirstName56', 'PersonLastName56', 'F', '1916-11-28 00:00:00', 242),
(57, 'PersonFirstName57', 'PersonLastName57', 'F', '1907-08-25 00:00:00', 539),
(58, 'PersonFirstName58', 'PersonLastName58', 'F', '1952-12-08 00:00:00', 325),
(59, 'PersonFirstName59', 'PersonLastName59', 'F', '1929-09-18 00:00:00', 140),
(60, 'PersonFirstName60', 'PersonLastName60', 'M', '1992-03-05 00:00:00', 405),
(61, 'PersonFirstName61', 'PersonLastName61', 'F', '1993-03-13 00:00:00', 562),
(62, 'PersonFirstName62', 'PersonLastName62', 'F', '1934-07-16 00:00:00', 440),
(63, 'PersonFirstName63', 'PersonLastName63', 'F', '1951-02-02 00:00:00', 446),
(64, 'PersonFirstName64', 'PersonLastName64', 'M', '1943-03-06 00:00:00', 406),
(65, 'PersonFirstName65', 'PersonLastName65', 'F', '1920-07-14 00:00:00', 538),
(66, 'PersonFirstName66', 'PersonLastName66', 'F', '1915-11-10 00:00:00', 484),
(67, 'PersonFirstName67', 'PersonLastName67', 'F', '1916-01-29 00:00:00', 280),
(68, 'PersonFirstName68', 'PersonLastName68', 'F', '1919-12-26 00:00:00', 437),
(69, 'PersonFirstName69', 'PersonLastName69', 'M', '1984-01-31 00:00:00', 451),
(70, 'PersonFirstName70', 'PersonLastName70', 'F', '1999-12-19 00:00:00', 350),
(71, 'PersonFirstName71', 'PersonLastName71', 'F', '1945-07-24 00:00:00', 307),
(72, 'PersonFirstName72', 'PersonLastName72', 'F', '1957-11-02 00:00:00', 306),
(73, 'PersonFirstName73', 'PersonLastName73', 'M', '1956-02-23 00:00:00', 161),
(74, 'PersonFirstName74', 'PersonLastName74', 'F', '1928-07-02 00:00:00', 219),
(75, 'PersonFirstName75', 'PersonLastName75', 'M', '1970-08-21 00:00:00', 526),
(76, 'PersonFirstName76', 'PersonLastName76', 'F', '1919-12-09 00:00:00', 409),
(77, 'PersonFirstName77', 'PersonLastName77', 'F', '1977-03-12 00:00:00', 467),
(78, 'PersonFirstName78', 'PersonLastName78', 'F', '1916-05-04 00:00:00', 512),
(79, 'PersonFirstName79', 'PersonLastName79', 'F', '1961-10-22 00:00:00', 471),
(80, 'PersonFirstName80', 'PersonLastName80', 'M', '1997-04-02 00:00:00', 127),
(81, 'PersonFirstName81', 'PersonLastName81', 'M', '1985-01-14 00:00:00', 293),
(82, 'PersonFirstName82', 'PersonLastName82', 'F', '1918-03-07 00:00:00', 421),
(83, 'PersonFirstName83', 'PersonLastName83', 'F', '1966-02-11 00:00:00', 193),
(84, 'PersonFirstName84', 'PersonLastName84', 'M', '1971-09-22 00:00:00', 395),
(85, 'PersonFirstName85', 'PersonLastName85', 'M', '1970-12-29 00:00:00', 202),
(86, 'PersonFirstName86', 'PersonLastName86', 'F', '1909-06-06 00:00:00', 306),
(87, 'PersonFirstName87', 'PersonLastName87', 'M', '1934-12-10 00:00:00', 136),
(88, 'PersonFirstName88', 'PersonLastName88', 'M', '1966-01-21 00:00:00', 333),
(89, 'PersonFirstName89', 'PersonLastName89', 'M', '1925-11-19 00:00:00', 164),
(90, 'PersonFirstName90', 'PersonLastName90', 'F', '1942-02-23 00:00:00', 329),
(91, 'PersonFirstName91', 'PersonLastName91', 'F', '1972-12-28 00:00:00', 570),
(92, 'PersonFirstName92', 'PersonLastName92', 'F', '1948-10-24 00:00:00', 460),
(93, 'PersonFirstName93', 'PersonLastName93', 'F', '0000-00-00 00:00:00', 600),
(94, 'PersonFirstName94', 'PersonLastName94', 'F', '1965-02-13 00:00:00', 366),
(95, 'PersonFirstName95', 'PersonLastName95', 'M', '1907-04-16 00:00:00', 459),
(96, 'PersonFirstName96', 'PersonLastName96', 'F', '1942-09-17 00:00:00', 332),
(97, 'PersonFirstName97', 'PersonLastName97', 'F', '1938-04-28 00:00:00', 345),
(98, 'PersonFirstName98', 'PersonLastName98', 'F', '1969-04-28 00:00:00', 453),
(99, 'PersonFirstName99', 'PersonLastName99', 'F', '1943-05-02 00:00:00', 110),
(100, 'PersonFirstName100', 'PersonLastName100', 'M', '1989-10-22 00:00:00', 365),
(101, 'PersonFirstName101', 'PersonLastName101', 'M', '1972-09-01 00:00:00', 265),
(102, 'PersonFirstName102', 'PersonLastName102', 'M', '1916-01-07 00:00:00', 460),
(103, 'PersonFirstName103', 'PersonLastName103', 'M', '1987-07-17 00:00:00', 536),
(104, 'PersonFirstName104', 'PersonLastName104', 'F', '1968-08-07 00:00:00', 319),
(105, 'PersonFirstName105', 'PersonLastName105', 'F', '1954-04-13 00:00:00', 472),
(106, 'PersonFirstName106', 'PersonLastName106', 'M', '1914-05-11 00:00:00', 247),
(107, 'PersonFirstName107', 'PersonLastName107', 'F', '1997-12-06 00:00:00', 509),
(108, 'PersonFirstName108', 'PersonLastName108', 'M', '1940-06-15 00:00:00', 207),
(109, 'PersonFirstName109', 'PersonLastName109', 'M', '1910-01-17 00:00:00', 472),
(110, 'PersonFirstName110', 'PersonLastName110', 'F', '1905-12-16 00:00:00', 356),
(111, 'PersonFirstName111', 'PersonLastName111', 'F', '1960-08-07 00:00:00', 121),
(112, 'PersonFirstName112', 'PersonLastName112', 'M', '1943-03-10 00:00:00', 550),
(113, 'PersonFirstName113', 'PersonLastName113', 'M', '1981-03-24 00:00:00', 483),
(114, 'PersonFirstName114', 'PersonLastName114', 'F', '1990-03-21 00:00:00', 482),
(115, 'PersonFirstName115', 'PersonLastName115', 'M', '1934-11-09 00:00:00', 188),
(116, 'PersonFirstName116', 'PersonLastName116', 'F', '1965-06-28 00:00:00', 276),
(117, 'PersonFirstName117', 'PersonLastName117', 'F', '1956-09-26 00:00:00', 594),
(118, 'PersonFirstName118', 'PersonLastName118', 'F', '1970-11-23 00:00:00', 269),
(119, 'PersonFirstName119', 'PersonLastName119', 'M', '1987-11-03 00:00:00', 151),
(120, 'PersonFirstName120', 'PersonLastName120', 'M', '1954-06-09 00:00:00', 252),
(121, 'PersonFirstName121', 'PersonLastName121', 'M', '1973-12-30 00:00:00', 335),
(122, 'PersonFirstName122', 'PersonLastName122', 'F', '1946-12-27 00:00:00', 476),
(123, 'PersonFirstName123', 'PersonLastName123', 'F', '1966-10-11 00:00:00', 482),
(124, 'PersonFirstName124', 'PersonLastName124', 'M', '1987-02-21 00:00:00', 401),
(125, 'PersonFirstName125', 'PersonLastName125', 'M', '1995-04-21 00:00:00', 176),
(126, 'PersonFirstName126', 'PersonLastName126', 'F', '1992-05-09 00:00:00', 101),
(127, 'PersonFirstName127', 'PersonLastName127', 'M', '1944-04-09 00:00:00', 554),
(128, 'PersonFirstName128', 'PersonLastName128', 'M', '1990-01-17 00:00:00', 124),
(129, 'PersonFirstName129', 'PersonLastName129', 'M', '1953-05-19 00:00:00', 567),
(130, 'PersonFirstName130', 'PersonLastName130', 'F', '1921-08-05 00:00:00', 145),
(131, 'PersonFirstName131', 'PersonLastName131', 'F', '1918-11-11 00:00:00', 405),
(132, 'PersonFirstName132', 'PersonLastName132', 'F', '1924-10-30 00:00:00', 413),
(133, 'PersonFirstName133', 'PersonLastName133', 'M', '1932-07-08 00:00:00', 384),
(134, 'PersonFirstName134', 'PersonLastName134', 'F', '1945-04-22 00:00:00', 540),
(135, 'PersonFirstName135', 'PersonLastName135', 'F', '1968-01-23 00:00:00', 161),
(136, 'PersonFirstName136', 'PersonLastName136', 'F', '1938-06-01 00:00:00', 493),
(137, 'PersonFirstName137', 'PersonLastName137', 'F', '1978-11-01 00:00:00', 195),
(138, 'PersonFirstName138', 'PersonLastName138', 'F', '1923-03-07 00:00:00', 389),
(139, 'PersonFirstName139', 'PersonLastName139', 'M', '1905-10-12 00:00:00', 351),
(140, 'PersonFirstName140', 'PersonLastName140', 'M', '1979-06-27 00:00:00', 274),
(141, 'PersonFirstName141', 'PersonLastName141', 'F', '1934-10-31 00:00:00', 361),
(142, 'PersonFirstName142', 'PersonLastName142', 'M', '1924-09-01 00:00:00', 281),
(143, 'PersonFirstName143', 'PersonLastName143', 'M', '1921-07-08 00:00:00', 583),
(144, 'PersonFirstName144', 'PersonLastName144', 'M', '1906-02-16 00:00:00', 250),
(145, 'PersonFirstName145', 'PersonLastName145', 'M', '1945-09-21 00:00:00', 264),
(146, 'PersonFirstName146', 'PersonLastName146', 'F', '1936-10-02 00:00:00', 341),
(147, 'PersonFirstName147', 'PersonLastName147', 'F', '1921-04-18 00:00:00', 497),
(148, 'PersonFirstName148', 'PersonLastName148', 'M', '1938-01-05 00:00:00', 407),
(149, 'PersonFirstName149', 'PersonLastName149', 'M', '1941-11-05 00:00:00', 477),
(150, 'PersonFirstName150', 'PersonLastName150', 'M', '1949-10-09 00:00:00', 408),
(151, 'PersonFirstName151', 'PersonLastName151', 'M', '1921-03-01 00:00:00', 501),
(152, 'PersonFirstName152', 'PersonLastName152', 'F', '1923-07-13 00:00:00', 452),
(153, 'PersonFirstName153', 'PersonLastName153', 'F', '1934-08-15 00:00:00', 438),
(154, 'PersonFirstName154', 'PersonLastName154', 'F', '1982-08-20 00:00:00', 203),
(155, 'PersonFirstName155', 'PersonLastName155', 'F', '1959-08-05 00:00:00', 423),
(156, 'PersonFirstName156', 'PersonLastName156', 'M', '1936-01-06 00:00:00', 560),
(157, 'PersonFirstName157', 'PersonLastName157', 'M', '1997-03-22 00:00:00', 334),
(158, 'PersonFirstName158', 'PersonLastName158', 'F', '1964-08-18 00:00:00', 576),
(159, 'PersonFirstName159', 'PersonLastName159', 'F', '0000-00-00 00:00:00', 569),
(160, 'PersonFirstName160', 'PersonLastName160', 'M', '1922-12-10 00:00:00', 331),
(161, 'PersonFirstName161', 'PersonLastName161', 'F', '1907-05-27 00:00:00', 358),
(162, 'PersonFirstName162', 'PersonLastName162', 'M', '1952-07-22 00:00:00', 343),
(163, 'PersonFirstName163', 'PersonLastName163', 'F', '1931-03-05 00:00:00', 309),
(164, 'PersonFirstName164', 'PersonLastName164', 'M', '1923-06-12 00:00:00', 101),
(165, 'PersonFirstName165', 'PersonLastName165', 'M', '1978-02-28 00:00:00', 376),
(166, 'PersonFirstName166', 'PersonLastName166', 'F', '1964-06-07 00:00:00', 461),
(167, 'PersonFirstName167', 'PersonLastName167', 'F', '1954-04-06 00:00:00', 583),
(168, 'PersonFirstName168', 'PersonLastName168', 'F', '1985-09-12 00:00:00', 184),
(169, 'PersonFirstName169', 'PersonLastName169', 'M', '1931-05-25 00:00:00', 375),
(170, 'PersonFirstName170', 'PersonLastName170', 'F', '1923-09-03 00:00:00', 237),
(171, 'PersonFirstName171', 'PersonLastName171', 'M', '1988-01-19 00:00:00', 119),
(172, 'PersonFirstName172', 'PersonLastName172', 'M', '1930-01-31 00:00:00', 233),
(173, 'PersonFirstName173', 'PersonLastName173', 'M', '1926-03-16 00:00:00', 265),
(174, 'PersonFirstName174', 'PersonLastName174', 'F', '1936-06-21 00:00:00', 277),
(175, 'PersonFirstName175', 'PersonLastName175', 'F', '1992-01-05 00:00:00', 352),
(176, 'PersonFirstName176', 'PersonLastName176', 'M', '1963-04-18 00:00:00', 358),
(177, 'PersonFirstName177', 'PersonLastName177', 'F', '1968-01-11 00:00:00', 566),
(178, 'PersonFirstName178', 'PersonLastName178', 'M', '0000-00-00 00:00:00', 240),
(179, 'PersonFirstName179', 'PersonLastName179', 'M', '1991-01-22 00:00:00', 547),
(180, 'PersonFirstName180', 'PersonLastName180', 'M', '1991-03-15 00:00:00', 258),
(181, 'PersonFirstName181', 'PersonLastName181', 'M', '1988-12-06 00:00:00', 278),
(182, 'PersonFirstName182', 'PersonLastName182', 'M', '1959-03-04 00:00:00', 498),
(183, 'PersonFirstName183', 'PersonLastName183', 'M', '1922-01-17 00:00:00', 286),
(184, 'PersonFirstName184', 'PersonLastName184', 'M', '1912-08-15 00:00:00', 516),
(185, 'PersonFirstName185', 'PersonLastName185', 'F', '1974-06-28 00:00:00', 356),
(186, 'PersonFirstName186', 'PersonLastName186', 'F', '1900-04-02 00:00:00', 162),
(187, 'PersonFirstName187', 'PersonLastName187', 'M', '1975-05-02 00:00:00', 330),
(188, 'PersonFirstName188', 'PersonLastName188', 'F', '1993-11-04 00:00:00', 196),
(189, 'PersonFirstName189', 'PersonLastName189', 'F', '1945-04-11 00:00:00', 140),
(190, 'PersonFirstName190', 'PersonLastName190', 'M', '1988-01-11 00:00:00', 252),
(191, 'PersonFirstName191', 'PersonLastName191', 'M', '1985-04-10 00:00:00', 407),
(192, 'PersonFirstName192', 'PersonLastName192', 'F', '1977-03-13 00:00:00', 476),
(193, 'PersonFirstName193', 'PersonLastName193', 'M', '1917-11-28 00:00:00', 314),
(194, 'PersonFirstName194', 'PersonLastName194', 'F', '0000-00-00 00:00:00', 217),
(195, 'PersonFirstName195', 'PersonLastName195', 'F', '1957-03-31 00:00:00', 294),
(196, 'PersonFirstName196', 'PersonLastName196', 'M', '1970-02-11 00:00:00', 279),
(197, 'PersonFirstName197', 'PersonLastName197', 'M', '1959-02-23 00:00:00', 486),
(198, 'PersonFirstName198', 'PersonLastName198', 'F', '1955-08-28 00:00:00', 384),
(199, 'PersonFirstName199', 'PersonLastName199', 'F', '1981-08-12 00:00:00', 420),
(200, 'PersonFirstName200', 'PersonLastName200', 'M', '1963-05-21 00:00:00', 129),
(201, 'PersonFirstName201', 'PersonLastName201', 'M', '1991-12-05 00:00:00', 334),
(202, 'PersonFirstName202', 'PersonLastName202', 'M', '1928-06-29 00:00:00', 296),
(203, 'PersonFirstName203', 'PersonLastName203', 'M', '1984-07-31 00:00:00', 185),
(204, 'PersonFirstName204', 'PersonLastName204', 'F', '1900-07-17 00:00:00', 187),
(205, 'PersonFirstName205', 'PersonLastName205', 'F', '1915-06-12 00:00:00', 279),
(206, 'PersonFirstName206', 'PersonLastName206', 'M', '1952-01-03 00:00:00', 301),
(207, 'PersonFirstName207', 'PersonLastName207', 'M', '1978-11-26 00:00:00', 370),
(208, 'PersonFirstName208', 'PersonLastName208', 'F', '1972-11-22 00:00:00', 300),
(209, 'PersonFirstName209', 'PersonLastName209', 'M', '1982-09-05 00:00:00', 339),
(210, 'PersonFirstName210', 'PersonLastName210', 'M', '1956-03-29 00:00:00', 310),
(211, 'PersonFirstName211', 'PersonLastName211', 'M', '1980-10-24 00:00:00', 224),
(212, 'PersonFirstName212', 'PersonLastName212', 'M', '1965-03-28 00:00:00', 191),
(213, 'PersonFirstName213', 'PersonLastName213', 'M', '1938-01-15 00:00:00', 188),
(214, 'PersonFirstName214', 'PersonLastName214', 'M', '1957-09-18 00:00:00', 535),
(215, 'PersonFirstName215', 'PersonLastName215', 'F', '1918-08-15 00:00:00', 284),
(216, 'PersonFirstName216', 'PersonLastName216', 'M', '1911-05-17 00:00:00', 240),
(217, 'PersonFirstName217', 'PersonLastName217', 'F', '0000-00-00 00:00:00', 239),
(218, 'PersonFirstName218', 'PersonLastName218', 'M', '1997-01-18 00:00:00', 422),
(219, 'PersonFirstName219', 'PersonLastName219', 'F', '1915-02-18 00:00:00', 514),
(220, 'PersonFirstName220', 'PersonLastName220', 'F', '1998-08-27 00:00:00', 120),
(221, 'PersonFirstName221', 'PersonLastName221', 'M', '1905-11-25 00:00:00', 314),
(222, 'PersonFirstName222', 'PersonLastName222', 'M', '0000-00-00 00:00:00', 115),
(223, 'PersonFirstName223', 'PersonLastName223', 'F', '1979-05-06 00:00:00', 481),
(224, 'PersonFirstName224', 'PersonLastName224', 'M', '1938-02-25 00:00:00', 517),
(225, 'PersonFirstName225', 'PersonLastName225', 'M', '1908-02-18 00:00:00', 439),
(226, 'PersonFirstName226', 'PersonLastName226', 'M', '1989-06-07 00:00:00', 395),
(227, 'PersonFirstName227', 'PersonLastName227', 'M', '1969-11-23 00:00:00', 450),
(228, 'PersonFirstName228', 'PersonLastName228', 'F', '1953-12-16 00:00:00', 193),
(229, 'PersonFirstName229', 'PersonLastName229', 'M', '1975-04-12 00:00:00', 352),
(230, 'PersonFirstName230', 'PersonLastName230', 'F', '1932-03-19 00:00:00', 437),
(231, 'PersonFirstName231', 'PersonLastName231', 'F', '1941-01-14 00:00:00', 500),
(232, 'PersonFirstName232', 'PersonLastName232', 'F', '1929-12-14 00:00:00', 459),
(233, 'PersonFirstName233', 'PersonLastName233', 'F', '1978-05-24 00:00:00', 462),
(234, 'PersonFirstName234', 'PersonLastName234', 'M', '1973-12-29 00:00:00', 219),
(235, 'PersonFirstName235', 'PersonLastName235', 'F', '1901-12-31 00:00:00', 157),
(236, 'PersonFirstName236', 'PersonLastName236', 'M', '1976-08-07 00:00:00', 315),
(237, 'PersonFirstName237', 'PersonLastName237', 'M', '1951-08-23 00:00:00', 581),
(238, 'PersonFirstName238', 'PersonLastName238', 'M', '1981-08-31 00:00:00', 332),
(239, 'PersonFirstName239', 'PersonLastName239', 'F', '1968-04-06 00:00:00', 149),
(240, 'PersonFirstName240', 'PersonLastName240', 'M', '1948-05-25 00:00:00', 560),
(241, 'PersonFirstName241', 'PersonLastName241', 'F', '1983-02-13 00:00:00', 523),
(242, 'PersonFirstName242', 'PersonLastName242', 'M', '1906-07-23 00:00:00', 337),
(243, 'PersonFirstName243', 'PersonLastName243', 'M', '1948-11-14 00:00:00', 565),
(244, 'PersonFirstName244', 'PersonLastName244', 'F', '1966-03-28 00:00:00', 537),
(245, 'PersonFirstName245', 'PersonLastName245', 'F', '1941-11-20 00:00:00', 174),
(246, 'PersonFirstName246', 'PersonLastName246', 'F', '1960-08-06 00:00:00', 408),
(247, 'PersonFirstName247', 'PersonLastName247', 'M', '1950-03-23 00:00:00', 562),
(248, 'PersonFirstName248', 'PersonLastName248', 'M', '1997-07-19 00:00:00', 242),
(249, 'PersonFirstName249', 'PersonLastName249', 'M', '1987-07-04 00:00:00', 178),
(250, 'PersonFirstName250', 'PersonLastName250', 'F', '1969-07-24 00:00:00', 168),
(251, 'PersonFirstName251', 'PersonLastName251', 'F', '1954-06-06 00:00:00', 193),
(252, 'PersonFirstName252', 'PersonLastName252', 'F', '1938-12-07 00:00:00', 559),
(253, 'PersonFirstName253', 'PersonLastName253', 'M', '1907-01-03 00:00:00', 492),
(254, 'PersonFirstName254', 'PersonLastName254', 'M', '1986-07-03 00:00:00', 166),
(255, 'PersonFirstName255', 'PersonLastName255', 'F', '1986-05-19 00:00:00', 425),
(256, 'PersonFirstName256', 'PersonLastName256', 'F', '1916-05-20 00:00:00', 142),
(257, 'PersonFirstName257', 'PersonLastName257', 'F', '1918-01-05 00:00:00', 358),
(258, 'PersonFirstName258', 'PersonLastName258', 'M', '1952-01-28 00:00:00', 293),
(259, 'PersonFirstName259', 'PersonLastName259', 'F', '1941-11-22 00:00:00', 133),
(260, 'PersonFirstName260', 'PersonLastName260', 'F', '1983-04-20 00:00:00', 163),
(261, 'PersonFirstName261', 'PersonLastName261', 'F', '1959-03-31 00:00:00', 570),
(262, 'PersonFirstName262', 'PersonLastName262', 'F', '1903-12-25 00:00:00', 116),
(263, 'PersonFirstName263', 'PersonLastName263', 'M', '1904-04-02 00:00:00', 348),
(264, 'PersonFirstName264', 'PersonLastName264', 'F', '1923-02-15 00:00:00', 312),
(265, 'PersonFirstName265', 'PersonLastName265', 'M', '1969-06-01 00:00:00', 171),
(266, 'PersonFirstName266', 'PersonLastName266', 'F', '1988-04-01 00:00:00', 532),
(267, 'PersonFirstName267', 'PersonLastName267', 'M', '1998-09-14 00:00:00', 396),
(268, 'PersonFirstName268', 'PersonLastName268', 'M', '0000-00-00 00:00:00', 390),
(269, 'PersonFirstName269', 'PersonLastName269', 'M', '1927-11-29 00:00:00', 455),
(270, 'PersonFirstName270', 'PersonLastName270', 'M', '1976-06-07 00:00:00', 485),
(271, 'PersonFirstName271', 'PersonLastName271', 'M', '0000-00-00 00:00:00', 539),
(272, 'PersonFirstName272', 'PersonLastName272', 'M', '1930-05-29 00:00:00', 176),
(273, 'PersonFirstName273', 'PersonLastName273', 'F', '1932-05-20 00:00:00', 459),
(274, 'PersonFirstName274', 'PersonLastName274', 'M', '1928-08-15 00:00:00', 170),
(275, 'PersonFirstName275', 'PersonLastName275', 'M', '1925-06-19 00:00:00', 238),
(276, 'PersonFirstName276', 'PersonLastName276', 'F', '1904-09-11 00:00:00', 427),
(277, 'PersonFirstName277', 'PersonLastName277', 'F', '1999-08-19 00:00:00', 492),
(278, 'PersonFirstName278', 'PersonLastName278', 'F', '1968-12-08 00:00:00', 244),
(279, 'PersonFirstName279', 'PersonLastName279', 'M', '1937-03-14 00:00:00', 477),
(280, 'PersonFirstName280', 'PersonLastName280', 'F', '1945-06-17 00:00:00', 381),
(281, 'PersonFirstName281', 'PersonLastName281', 'M', '1912-01-16 00:00:00', 501),
(282, 'PersonFirstName282', 'PersonLastName282', 'F', '1990-10-16 00:00:00', 364),
(283, 'PersonFirstName283', 'PersonLastName283', 'M', '1906-10-24 00:00:00', 534),
(284, 'PersonFirstName284', 'PersonLastName284', 'M', '1960-04-13 00:00:00', 367),
(285, 'PersonFirstName285', 'PersonLastName285', 'M', '1972-07-17 00:00:00', 477),
(286, 'PersonFirstName286', 'PersonLastName286', 'F', '1961-09-27 00:00:00', 377),
(287, 'PersonFirstName287', 'PersonLastName287', 'F', '1931-09-20 00:00:00', 549),
(288, 'PersonFirstName288', 'PersonLastName288', 'F', '1960-03-06 00:00:00', 406),
(289, 'PersonFirstName289', 'PersonLastName289', 'F', '1911-08-31 00:00:00', 376),
(290, 'PersonFirstName290', 'PersonLastName290', 'F', '1963-04-10 00:00:00', 200),
(291, 'PersonFirstName291', 'PersonLastName291', 'M', '1984-10-22 00:00:00', 404),
(292, 'PersonFirstName292', 'PersonLastName292', 'F', '1988-08-27 00:00:00', 282),
(293, 'PersonFirstName293', 'PersonLastName293', 'F', '1989-08-03 00:00:00', 217),
(294, 'PersonFirstName294', 'PersonLastName294', 'M', '1981-03-05 00:00:00', 284),
(295, 'PersonFirstName295', 'PersonLastName295', 'F', '1904-07-12 00:00:00', 274),
(296, 'PersonFirstName296', 'PersonLastName296', 'M', '1916-04-09 00:00:00', 504),
(297, 'PersonFirstName297', 'PersonLastName297', 'F', '1979-09-27 00:00:00', 275),
(298, 'PersonFirstName298', 'PersonLastName298', 'F', '1911-05-29 00:00:00', 346),
(299, 'PersonFirstName299', 'PersonLastName299', 'F', '1951-01-11 00:00:00', 455),
(300, 'PersonFirstName300', 'PersonLastName300', 'F', '1940-10-05 00:00:00', 109),
(301, 'PersonFirstName301', 'PersonLastName301', 'F', '1973-12-14 00:00:00', 103),
(302, 'PersonFirstName302', 'PersonLastName302', 'F', '0000-00-00 00:00:00', 175),
(303, 'PersonFirstName303', 'PersonLastName303', 'M', '1928-02-11 00:00:00', 431),
(304, 'PersonFirstName304', 'PersonLastName304', 'M', '1918-02-06 00:00:00', 175),
(305, 'PersonFirstName305', 'PersonLastName305', 'M', '1948-12-15 00:00:00', 438),
(306, 'PersonFirstName306', 'PersonLastName306', 'F', '1923-04-12 00:00:00', 320),
(307, 'PersonFirstName307', 'PersonLastName307', 'F', '1931-12-19 00:00:00', 399),
(308, 'PersonFirstName308', 'PersonLastName308', 'M', '1948-11-29 00:00:00', 102),
(309, 'PersonFirstName309', 'PersonLastName309', 'M', '1974-12-14 00:00:00', 115),
(310, 'PersonFirstName310', 'PersonLastName310', 'M', '1994-10-30 00:00:00', 332),
(311, 'PersonFirstName311', 'PersonLastName311', 'F', '1920-07-22 00:00:00', 136),
(312, 'PersonFirstName312', 'PersonLastName312', 'M', '1928-10-10 00:00:00', 118),
(313, 'PersonFirstName313', 'PersonLastName313', 'M', '1945-10-14 00:00:00', 318),
(314, 'PersonFirstName314', 'PersonLastName314', 'M', '1932-09-14 00:00:00', 208),
(315, 'PersonFirstName315', 'PersonLastName315', 'M', '1985-05-02 00:00:00', 536),
(316, 'PersonFirstName316', 'PersonLastName316', 'M', '1985-07-08 00:00:00', 485),
(317, 'PersonFirstName317', 'PersonLastName317', 'M', '1952-08-31 00:00:00', 162),
(318, 'PersonFirstName318', 'PersonLastName318', 'F', '1978-12-21 00:00:00', 434),
(319, 'PersonFirstName319', 'PersonLastName319', 'M', '1966-01-24 00:00:00', 445),
(320, 'PersonFirstName320', 'PersonLastName320', 'M', '1931-05-25 00:00:00', 276),
(321, 'PersonFirstName321', 'PersonLastName321', 'M', '1943-02-02 00:00:00', 240),
(322, 'PersonFirstName322', 'PersonLastName322', 'M', '1977-12-15 00:00:00', 414),
(323, 'PersonFirstName323', 'PersonLastName323', 'F', '1960-12-05 00:00:00', 240),
(324, 'PersonFirstName324', 'PersonLastName324', 'F', '1989-10-18 00:00:00', 344),
(325, 'PersonFirstName325', 'PersonLastName325', 'F', '1960-05-10 00:00:00', 182),
(326, 'PersonFirstName326', 'PersonLastName326', 'F', '1943-08-04 00:00:00', 562),
(327, 'PersonFirstName327', 'PersonLastName327', 'F', '1908-10-04 00:00:00', 313),
(328, 'PersonFirstName328', 'PersonLastName328', 'F', '1914-11-06 00:00:00', 178),
(329, 'PersonFirstName329', 'PersonLastName329', 'F', '1961-06-26 00:00:00', 497),
(330, 'PersonFirstName330', 'PersonLastName330', 'F', '1973-11-19 00:00:00', 182),
(331, 'PersonFirstName331', 'PersonLastName331', 'F', '1940-12-26 00:00:00', 406),
(332, 'PersonFirstName332', 'PersonLastName332', 'F', '1922-10-16 00:00:00', 206),
(333, 'PersonFirstName333', 'PersonLastName333', 'F', '1959-02-11 00:00:00', 115),
(334, 'PersonFirstName334', 'PersonLastName334', 'M', '1959-07-07 00:00:00', 527),
(335, 'PersonFirstName335', 'PersonLastName335', 'M', '1996-03-08 00:00:00', 417),
(336, 'PersonFirstName336', 'PersonLastName336', 'F', '1950-08-19 00:00:00', 206),
(337, 'PersonFirstName337', 'PersonLastName337', 'M', '1942-06-28 00:00:00', 380),
(338, 'PersonFirstName338', 'PersonLastName338', 'M', '1929-01-23 00:00:00', 590),
(339, 'PersonFirstName339', 'PersonLastName339', 'M', '1969-11-09 00:00:00', 537),
(340, 'PersonFirstName340', 'PersonLastName340', 'M', '1954-05-25 00:00:00', 166),
(341, 'PersonFirstName341', 'PersonLastName341', 'M', '1915-10-26 00:00:00', 565),
(342, 'PersonFirstName342', 'PersonLastName342', 'M', '1921-09-09 00:00:00', 171),
(343, 'PersonFirstName343', 'PersonLastName343', 'M', '1986-08-17 00:00:00', 435),
(344, 'PersonFirstName344', 'PersonLastName344', 'M', '1974-07-20 00:00:00', 419),
(345, 'PersonFirstName345', 'PersonLastName345', 'M', '1922-11-08 00:00:00', 135),
(346, 'PersonFirstName346', 'PersonLastName346', 'F', '1963-11-01 00:00:00', 542),
(347, 'PersonFirstName347', 'PersonLastName347', 'F', '1992-05-15 00:00:00', 398),
(348, 'PersonFirstName348', 'PersonLastName348', 'M', '1967-12-27 00:00:00', 286),
(349, 'PersonFirstName349', 'PersonLastName349', 'M', '1940-09-08 00:00:00', 528),
(350, 'PersonFirstName350', 'PersonLastName350', 'F', '0000-00-00 00:00:00', 597),
(351, 'PersonFirstName351', 'PersonLastName351', 'M', '1910-06-21 00:00:00', 179),
(352, 'PersonFirstName352', 'PersonLastName352', 'M', '1963-07-30 00:00:00', 192),
(353, 'PersonFirstName353', 'PersonLastName353', 'M', '1924-09-11 00:00:00', 112),
(354, 'PersonFirstName354', 'PersonLastName354', 'F', '1978-09-06 00:00:00', 562),
(355, 'PersonFirstName355', 'PersonLastName355', 'M', '1931-05-05 00:00:00', 383),
(356, 'PersonFirstName356', 'PersonLastName356', 'M', '1975-10-15 00:00:00', 274),
(357, 'PersonFirstName357', 'PersonLastName357', 'F', '1955-02-25 00:00:00', 522),
(358, 'PersonFirstName358', 'PersonLastName358', 'F', '1990-05-01 00:00:00', 350),
(359, 'PersonFirstName359', 'PersonLastName359', 'M', '1912-07-17 00:00:00', 369),
(360, 'PersonFirstName360', 'PersonLastName360', 'F', '1979-10-12 00:00:00', 573),
(361, 'PersonFirstName361', 'PersonLastName361', 'M', '1929-03-16 00:00:00', 553),
(362, 'PersonFirstName362', 'PersonLastName362', 'F', '1948-12-10 00:00:00', 275),
(363, 'PersonFirstName363', 'PersonLastName363', 'F', '1940-03-08 00:00:00', 237),
(364, 'PersonFirstName364', 'PersonLastName364', 'F', '1901-01-27 00:00:00', 166),
(365, 'PersonFirstName365', 'PersonLastName365', 'M', '1976-09-27 00:00:00', 570),
(366, 'PersonFirstName366', 'PersonLastName366', 'F', '1995-12-29 00:00:00', 529),
(367, 'PersonFirstName367', 'PersonLastName367', 'F', '1962-07-31 00:00:00', 571),
(368, 'PersonFirstName368', 'PersonLastName368', 'M', '1998-12-05 00:00:00', 285),
(369, 'PersonFirstName369', 'PersonLastName369', 'M', '1951-08-25 00:00:00', 544),
(370, 'PersonFirstName370', 'PersonLastName370', 'F', '1989-10-04 00:00:00', 532),
(371, 'PersonFirstName371', 'PersonLastName371', 'M', '1939-11-14 00:00:00', 480),
(372, 'PersonFirstName372', 'PersonLastName372', 'M', '1915-11-22 00:00:00', 140),
(373, 'PersonFirstName373', 'PersonLastName373', 'F', '1977-03-22 00:00:00', 102),
(374, 'PersonFirstName374', 'PersonLastName374', 'F', '1990-07-19 00:00:00', 410),
(375, 'PersonFirstName375', 'PersonLastName375', 'F', '1937-01-01 00:00:00', 493),
(376, 'PersonFirstName376', 'PersonLastName376', 'M', '1951-12-13 00:00:00', 170),
(377, 'PersonFirstName377', 'PersonLastName377', 'F', '1957-02-10 00:00:00', 255),
(378, 'PersonFirstName378', 'PersonLastName378', 'F', '1966-06-29 00:00:00', 368),
(379, 'PersonFirstName379', 'PersonLastName379', 'F', '1954-04-04 00:00:00', 168),
(380, 'PersonFirstName380', 'PersonLastName380', 'F', '1967-09-25 00:00:00', 124),
(381, 'PersonFirstName381', 'PersonLastName381', 'F', '1925-05-25 00:00:00', 239),
(382, 'PersonFirstName382', 'PersonLastName382', 'F', '1903-10-23 00:00:00', 156),
(383, 'PersonFirstName383', 'PersonLastName383', 'M', '1969-08-07 00:00:00', 308),
(384, 'PersonFirstName384', 'PersonLastName384', 'M', '1955-05-30 00:00:00', 508),
(385, 'PersonFirstName385', 'PersonLastName385', 'F', '1904-04-30 00:00:00', 403),
(386, 'PersonFirstName386', 'PersonLastName386', 'F', '1934-06-07 00:00:00', 492),
(387, 'PersonFirstName387', 'PersonLastName387', 'M', '1953-10-11 00:00:00', 150),
(388, 'PersonFirstName388', 'PersonLastName388', 'M', '1921-06-12 00:00:00', 306),
(389, 'PersonFirstName389', 'PersonLastName389', 'M', '1973-10-07 00:00:00', 140),
(390, 'PersonFirstName390', 'PersonLastName390', 'F', '1944-01-02 00:00:00', 121),
(391, 'PersonFirstName391', 'PersonLastName391', 'M', '1964-03-16 00:00:00', 239),
(392, 'PersonFirstName392', 'PersonLastName392', 'F', '1966-08-15 00:00:00', 122),
(393, 'PersonFirstName393', 'PersonLastName393', 'F', '1969-02-04 00:00:00', 160),
(394, 'PersonFirstName394', 'PersonLastName394', 'F', '1956-12-22 00:00:00', 249),
(395, 'PersonFirstName395', 'PersonLastName395', 'M', '1932-05-29 00:00:00', 543),
(396, 'PersonFirstName396', 'PersonLastName396', 'F', '1985-05-08 00:00:00', 523),
(397, 'PersonFirstName397', 'PersonLastName397', 'M', '1907-04-12 00:00:00', 189),
(398, 'PersonFirstName398', 'PersonLastName398', 'M', '1923-10-11 00:00:00', 458),
(399, 'PersonFirstName399', 'PersonLastName399', 'M', '1956-11-28 00:00:00', 525),
(400, 'PersonFirstName400', 'PersonLastName400', 'F', '1971-03-14 00:00:00', 109);

-- --------------------------------------------------------

--
-- Table structure for table `property_for_rent`
--

CREATE TABLE `property_for_rent` (
  `property_no` varchar(5) NOT NULL,
  `prop_type` varchar(45) DEFAULT 'null',
  `rooms` varchar(45) DEFAULT 'null',
  `rent` int(11) DEFAULT NULL,
  `address_id` int(11) NOT NULL,
  `client_no` varchar(5) DEFAULT 'null',
  `staff_no` varchar(5) DEFAULT NULL
) ENGINE=InnoDB DEFAULT CHARSET=latin1;

--
-- Dumping data for table `property_for_rent`
--

INSERT INTO `property_for_rent` (`property_no`, `prop_type`, `rooms`, `rent`, `address_id`, `client_no`, `staff_no`) VALUES
('SA14', 'Flat', '7', 982, 474, 'CR80', NULL),
('SA15', 'Flat', '5', 55, 204, 'CR16', NULL),
('SB19', 'Condo', '6', 518, 351, 'CR72', NULL),
('SD60', 'Condo', '4', 327, 485, 'CR136', NULL),
('SG08', 'Flat', '5', 921, 240, 'CR136', 'SG81'),
('SG10', 'Condo', '7', 939, 132, 'CR110', NULL),
('SG11', 'Flat', '8', 31, 270, 'CR33', 'SL96'),
('SG14', 'Condo', '8', 480, 369, 'CR93', 'SL78'),
('SG16', 'Condo', '6', 368, 151, 'CR80', 'SG19'),
('SG17', 'Condo', '4', 977, 262, 'CR115', 'SG4'),
('SG19', 'Flat', '1', 602, 367, 'CR37', 'SG3'),
('SG2', 'House', '8', 51, 522, 'CR142', 'SQ41'),
('SG23', 'Condo', '5', 337, 120, 'CR105', 'SG46'),
('SG25', 'House', '6', 930, 240, 'CR122', 'SL49'),
('SG27', 'Flat', '5', 317, 112, 'CR10', 'SG90'),
('SG28', 'Flat', '5', 818, 145, 'CR118', 'SQ1'),
('SG29', 'House', '3', 925, 244, 'CR11', NULL),
('SG34', 'House', '7', 622, 411, 'CR15', 'SG87'),
('SG35', 'House', '6', 373, 582, 'CR46', 'SQ40'),
('SG38', 'Condo', '6', 779, 219, 'CR102', 'SG11'),
('SG4', 'Condo', '5', 692, 323, 'CR26', 'SQ75'),
('SG42', 'House', '8', 758, 162, 'CR140', 'SG11'),
('SG43', 'House', '1', 396, 390, 'CR19', 'SG81'),
('SG46', 'Flat', '1', 538, 236, 'CR45', 'SL6'),
('SG47', 'House', '7', 885, 545, 'CR121', 'SQ77'),
('SG48', 'Condo', '4', 950, 218, 'CR57', 'SG74'),
('SG52', 'House', '1', 818, 164, 'CR49', 'SQ22'),
('SG57', 'Flat', '8', 134, 212, 'CR69', NULL),
('SG60', 'House', '4', 848, 116, 'CR84', 'SG81'),
('SG61', 'Flat', '4', 210, 249, 'CR5', 'SG87'),
('SG64', 'House', '2', 710, 203, 'CR104', 'SQ73'),
('SG66', 'Condo', '5', 226, 515, 'CR14', 'SQ9'),
('SG69', 'Condo', '4', 230, 138, NULL, NULL),
('SG70', 'House', '1', 91, 132, 'CR94', 'SL39'),
('SG71', 'Flat', '5', 261, 539, 'CR107', 'SQ1'),
('SG73', 'Flat', '5', 884, 370, 'CR127', 'SQ24'),
('SG74', 'House', '3', 53, 434, 'CR84', 'SQ72'),
('SG78', 'Flat', '6', 495, 214, 'CR82', 'SG54'),
('SG8', 'House', '8', 527, 530, 'CR52', 'SQ91'),
('SG80', 'Condo', '6', 139, 394, 'CR85', 'SG61'),
('SG81', 'House', '4', 68, 461, 'CR25', 'SQ18'),
('SG87', 'Flat', '3', 758, 182, 'CR66', 'SL55'),
('SG88', 'House', '2', 782, 481, 'CR32', 'SQ24'),
('SG90', 'Condo', '6', 949, 275, 'CR14', 'SQ82'),
('SG91', 'Flat', '2', 202, 191, NULL, NULL),
('SG93', 'Condo', '8', 79, 217, 'CR56', NULL),
('SG95', 'Condo', '4', 893, 412, 'CR60', 'SL7'),
('SG97', 'Flat', '6', 305, 535, 'CR136', 'SQ77'),
('SH17', 'Flat', '4', 882, 226, 'CR104', 'SL53'),
('SH42', 'House', '7', 119, 287, 'CR140', 'SG4'),
('Sh75', 'Condo', '3', 311, 539, NULL, NULL),
('SI13', 'Condo', '7', 47, 153, 'CR85', NULL),
('SJ91', 'Flat', '3', 894, 303, 'CR68', NULL),
('SK64', 'Condo', '4', 233, 165, 'CR37', NULL),
('SL15', 'Condo', '1', 577, 591, 'CR60', 'SL36'),
('SL16', 'Condo', '2', 449, 404, 'CR20', 'SG61'),
('SL17', 'Flat', '3', 717, 294, 'CR132', 'SG97'),
('SL18', 'Flat', '7', 570, 137, NULL, NULL),
('SL20', 'House', '7', 555, 255, 'CR81', 'SL6'),
('SL24', 'Flat', '5', 127, 529, 'CR11', NULL),
('SL28', 'House', '4', 198, 495, 'CR126', 'SL31'),
('SL29', 'Condo', '4', 328, 116, 'CR75', 'SQ24'),
('SL30', 'Condo', '5', 317, 220, 'CR95', 'SG19'),
('SL32', 'Condo', '2', 467, 507, 'CR126', 'SG3'),
('SL36', 'House', '8', 293, 315, 'CR74', 'SQ63'),
('SL37', 'Flat', '2', 833, 436, 'CR137', 'SL83'),
('SL38', 'Condo', '4', 473, 270, 'CR74', 'SQ10'),
('SL39', 'House', '3', 617, 234, 'CR74', 'SG70'),
('SL40', 'Condo', '7', 599, 391, 'CR6', 'SG8'),
('SL48', 'Flat', '8', 500, 474, 'CR78', 'SL92'),
('SL49', 'Flat', '8', 56, 414, 'CR116', 'SG67'),
('SL53', 'Flat', '5', 687, 177, 'CR53', 'SG84'),
('SL54', 'House', '3', 526, 252, 'CR124', 'SG90'),
('SL55', 'Condo', '3', 519, 573, 'CR80', 'SQ47'),
('SL56', 'Flat', '1', 71, 270, 'CR82', 'SG89'),
('SL57', 'Condo', '4', 37, 517, 'CR39', 'SL56'),
('SL58', 'Condo', '2', 982, 357, 'CR66', 'SL33'),
('SL59', 'Condo', '5', 771, 420, 'CR43', 'SG46'),
('SL6', 'Condo', '1', 914, 579, 'CR41', 'SL98'),
('SL68', 'House', '6', 81, 179, 'CR44', 'SL55'),
('SL69', 'Flat', '3', 105, 119, 'CR52', NULL),
('SL7', 'Flat', '6', 927, 179, 'CR110', 'SL29'),
('SL78', 'Condo', '6', 801, 453, 'CR67', 'SG87'),
('SL83', 'Condo', '7', 59, 486, 'CR139', 'SG81'),
('SL84', 'Flat', '7', 308, 410, 'CR82', 'SG34'),
('SL88', 'Condo', '3', 244, 379, 'CR72', 'SG16'),
('SL92', 'House', '3', 667, 129, 'CR106', 'SG70'),
('SL94', 'House', '8', 120, 396, 'CR6', 'SG89'),
('SL95', 'Flat', '5', 800, 300, 'CR71', NULL),
('SL96', 'House', '8', 980, 570, 'CR72', 'SQ13'),
('SL99', 'Condo', '2', 267, 304, NULL, NULL),
('SM18', 'Flat', '6', 553, 494, 'CR135', NULL),
('SM37', 'House', '1', 770, 258, 'CR47', NULL),
('SM45', 'House', '5', 825, 215, 'CR140', NULL),
('SM58', 'House', '1', 982, 179, 'CR145', 'SG88'),
('SM59', 'Condo', '3', 193, 300, 'CR127', NULL),
('SO8', 'Condo', '6', 900, 590, 'CR33', NULL),
('SO91', 'House', '1', 82, 117, NULL, NULL),
('SP23', 'House', '8', 745, 590, 'CR86', NULL),
('SP8', 'Flat', '4', 456, 234, 'CR64', NULL),
('SQ1', 'Flat', '1', 600, 445, 'CR113', 'SL96'),
('SQ11', 'Flat', '3', 653, 231, 'CR11', 'SG66'),
('SQ12', 'Flat', '2', 38, 522, 'CR36', NULL),
('SQ13', 'Flat', '3', 863, 252, 'CR52', 'SQ26'),
('SQ15', 'House', '2', 82, 553, 'CR143', 'SL92'),
('SQ16', 'Condo', '3', 926, 354, 'CR124', 'SG3'),
('SQ23', 'Flat', '4', 720, 562, 'CR114', NULL),
('SQ24', 'House', '1', 272, 449, 'CR105', 'SL55'),
('SQ30', 'House', '8', 199, 113, 'CR135', 'SL96'),
('SQ34', 'Flat', '7', 496, 495, NULL, NULL),
('SQ40', 'Flat', '1', 41, 364, 'CR141', 'SL33'),
('SQ41', 'House', '2', 952, 166, 'CR121', 'SL92'),
('SQ42', 'House', '3', 155, 269, 'CR47', 'SQ40'),
('SQ45', 'Condo', '6', 554, 118, 'CR62', 'SG60'),
('SQ5', 'Flat', '4', 2, 135, 'CR92', 'SG17'),
('SQ50', 'Condo', '7', 133, 279, NULL, NULL),
('SQ59', 'Condo', '2', 920, 398, 'CR71', 'SL68'),
('SQ65', 'Condo', '3', 81, 134, 'CR78', 'SQ71'),
('SQ69', 'Condo', '5', 344, 463, 'CR144', 'SQ85'),
('SQ72', 'Condo', '3', 90, 157, 'CR7', 'SG95'),
('SQ73', 'Flat', '6', 175, 194, 'CR108', 'SG89'),
('SQ75', 'House', '2', 593, 158, 'CR83', 'SG50'),
('SQ76', 'Flat', '6', 252, 490, 'CR132', 'SG88'),
('SQ79', 'House', '1', 447, 482, 'CR86', NULL),
('SQ85', 'Flat', '5', 759, 405, 'CR56', 'SQ91'),
('SQ86', 'House', '6', 330, 464, 'CR15', 'SQ14'),
('SQ9', 'Flat', '1', 689, 112, 'CR90', 'SG23'),
('SQ91', 'Condo', '4', 460, 204, 'CR3', 'SG48'),
('SQ93', 'Condo', '7', 977, 499, 'CR31', 'SG25'),
('SR13', 'Condo', '8', 961, 328, 'CR122', 'SQ26'),
('SR31', 'House', '7', 745, 303, 'CR115', NULL),
('SR65', 'Condo', '7', 618, 215, 'CR145', 'SG74'),
('SS65', 'Flat', '2', 632, 328, 'CR49', 'SG23'),
('SU55', 'Condo', '8', 189, 527, 'CR93', NULL),
('SW29', 'Flat', '1', 713, 489, 'CR94', NULL),
('SX14', 'Flat', '2', 353, 315, 'CR109', NULL),
('SX4', 'House', '5', 646, 584, 'CR23', NULL),
('SX40', 'Condo', '1', 318, 353, 'CR46', NULL),
('SX41', 'House', '5', 335, 251, 'CR25', NULL),
('SX46', 'Condo', '2', 775, 197, 'CR104', NULL),
('SX60', 'Condo', '8', 649, 527, 'CR103', NULL),
('SX64', 'House', '6', 381, 297, 'CR29', NULL),
('SX65', 'Condo', '3', 834, 404, 'CR63', NULL),
('SX85', 'Flat', '2', 706, 370, 'CR40', NULL),
('SX88', 'House', '6', 119, 355, 'CR102', NULL),
('SX97', 'Flat', '3', 334, 446, NULL, NULL),
('SX98', 'House', '3', 443, 441, 'CR64', NULL),
('SY99', 'Flat', '1', 664, 583, 'CR64', NULL);

-- --------------------------------------------------------

--
-- Table structure for table `staff`
--

CREATE TABLE `staff` (
  `staff_no` varchar(5) NOT NULL,
  `person_id` int(11) NOT NULL,
  `branch_no` varchar(5) NOT NULL,
  `position` varchar(45) DEFAULT 'null',
  `salary` int(11) DEFAULT NULL
) ENGINE=InnoDB DEFAULT CHARSET=latin1;

--
-- Dumping data for table `staff`
--

INSERT INTO `staff` (`staff_no`, `person_id`, `branch_no`, `position`, `salary`) VALUES
('SG11', 122, 'B014', 'Manager', 10000),
('SG16', 188, 'B016', 'Manager', 190000),
('SG17', 257, 'B018', 'Supervisor', 140000),
('SG19', 31, 'B011', 'Teller', 160000),
('SG2', 8, 'B016', 'Manager', 140000),
('SG21', 288, 'B011', 'Assistant', 200000),
('SG23', 22, 'B015', 'Teller', 50000),
('SG25', 243, 'B019', 'Teller', 190000),
('SG27', 275, 'B017', 'Teller', 160000),
('SG3', 324, 'B020', 'Assistant', 10000),
('SG34', 194, 'B013', 'Assistant', 120000),
('SG4', 176, 'B011', 'Assistant', 60000),
('SG42', 43, 'B013', 'Supervisor', 80000),
('SG43', 35, 'B020', 'Manager', 150000),
('SG44', 392, 'B017', 'Teller', 160000),
('SG46', 231, 'B020', 'Teller', 180000),
('SG48', 328, 'B018', 'Assistant', 10000),
('SG50', 24, 'B011', 'Teller', 60000),
('SG52', 145, 'B012', 'Supervisor', 40000),
('SG54', 132, 'B011', 'Manager', 180000),
('SG60', 129, 'B019', 'Teller', 20000),
('SG61', 239, 'B013', 'Manager', 140000),
('SG64', 168, 'B018', 'Supervisor', 120000),
('SG66', 247, 'B020', 'Assistant', 180000),
('SG67', 141, 'B019', 'Supervisor', 160000),
('SG70', 347, 'B017', 'Manager', 40000),
('SG74', 47, 'B017', 'Supervisor', 190000),
('SG8', 58, 'B019', 'Manager', 30000),
('SG80', 276, 'B013', 'Assistant', 60000),
('SG81', 309, 'B019', 'Assistant', 140000),
('SG84', 98, 'B019', 'Supervisor', 20000),
('SG87', 376, 'B013', 'Manager', 160000),
('SG88', 284, 'B015', 'Teller', 160000),
('SG89', 320, 'B012', 'Assistant', 70000),
('SG90', 307, 'B010', 'Teller', 130000),
('SG95', 250, 'B019', 'Assistant', 200000),
('SG97', 301, 'B011', 'Assistant', 140000),
('SL12', 78, 'B020', 'Assistant', 200000),
('SL20', 201, 'B012', 'Supervisor', 190000),
('SL28', 156, 'B018', 'Supervisor', 60000),
('SL29', 76, 'B015', 'Supervisor', 170000),
('SL31', 203, 'B012', 'Assistant', 100000),
('SL32', 14, 'B010', 'Teller', 70000),
('SL33', 380, 'B014', 'Assistant', 20000),
('SL35', 117, 'B019', 'Teller', 170000),
('SL36', 137, 'B012', 'Assistant', 90000),
('SL37', 350, 'B016', 'Assistant', 140000),
('SL38', 381, 'B018', 'Manager', 90000),
('SL39', 223, 'B010', 'Teller', 180000),
('SL49', 248, 'B012', 'Supervisor', 150000),
('SL51', 292, 'B019', 'Manager', 10000),
('SL53', 322, 'B020', 'Supervisor', 40000),
('SL55', 183, 'B020', 'Manager', 120000),
('SL56', 317, 'B016', 'Supervisor', 120000),
('SL57', 207, 'B019', 'Supervisor', 100000),
('SL58', 300, 'B016', 'Supervisor', 170000),
('SL6', 123, 'B018', 'Manager', 70000),
('SL68', 75, 'B018', 'Teller', 140000),
('SL7', 259, 'B014', 'Manager', 20000),
('SL78', 233, 'B020', 'Supervisor', 150000),
('SL83', 277, 'B017', 'Assistant', 70000),
('SL92', 298, 'B014', 'Manager', 200000),
('SL94', 135, 'B011', 'Supervisor', 160000),
('SL96', 274, 'B019', 'Supervisor', 70000),
('SL98', 37, 'B019', 'Supervisor', 100000),
('SQ1', 118, 'B019', 'Supervisor', 120000),
('SQ10', 202, 'B015', 'Teller', 180000),
('SQ13', 146, 'B012', 'Supervisor', 80000),
('SQ14', 174, 'B017', 'Teller', 140000),
('SQ15', 134, 'B012', 'Supervisor', 80000),
('SQ18', 323, 'B020', 'Manager', 110000),
('SQ22', 342, 'B012', 'Teller', 190000),
('SQ24', 112, 'B012', 'Supervisor', 180000),
('SQ26', 184, 'B019', 'Teller', 190000),
('SQ30', 312, 'B019', 'Assistant', 180000),
('SQ40', 17, 'B010', 'Teller', 90000),
('SQ41', 94, 'B017', 'Manager', 80000),
('SQ45', 295, 'B016', 'Supervisor', 10000),
('SQ47', 101, 'B020', 'Assistant', 40000),
('SQ5', 249, 'B016', 'Supervisor', 40000),
('SQ59', 113, 'B018', 'Supervisor', 20000),
('SQ62', 208, 'B015', 'Supervisor', 30000),
('SQ63', 175, 'B014', 'Supervisor', 80000),
('SQ65', 36, 'B015', 'Supervisor', 60000),
('SQ69', 221, 'B016', 'Assistant', 190000),
('SQ71', 195, 'B016', 'Assistant', 10000),
('SQ72', 151, 'B020', 'Teller', 20000),
('SQ73', 286, 'B010', 'Supervisor', 10000),
('SQ75', 143, 'B018', 'Supervisor', 120000),
('SQ76', 344, 'B019', 'Assistant', 30000),
('SQ77', 334, 'B017', 'Supervisor', 60000),
('SQ79', 200, 'B018', 'Teller', 180000),
('SQ82', 12, 'B019', 'Manager', 70000),
('SQ85', 356, 'B019', 'Assistant', 170000),
('SQ86', 140, 'B018', 'Supervisor', 120000),
('SQ9', 154, 'B013', 'Manager', 10000),
('SQ91', 152, 'B011', 'Manager', 50000),
('SQ93', 59, 'B011', 'Teller', 70000),
('SQ99', 179, 'B013', 'Supervisor', 80000);

-- --------------------------------------------------------

--
-- Table structure for table `staff_report`
--

CREATE TABLE `staff_report` (
  `first_name` varchar(64) DEFAULT 'NULL',
  `last_name` varchar(64) DEFAULT 'NULL',
  `salary` double DEFAULT NULL,
  `state` varchar(2) DEFAULT NULL
) ENGINE=InnoDB DEFAULT CHARSET=latin1;

--
-- Dumping data for table `staff_report`
--

INSERT INTO `staff_report` (`first_name`, `last_name`, `salary`, `state`) VALUES
('PersonFirstName122', 'PersonLastName122', 10000, 'NC'),
('PersonFirstName188', 'PersonLastName188', 190000, 'KS'),
('PersonFirstName257', 'PersonLastName257', 140000, 'FL'),
('PersonFirstName31', 'PersonLastName31', 160000, 'MI'),
('PersonFirstName8', 'PersonLastName8', 140000, 'CO'),
('PersonFirstName288', 'PersonLastName288', 200000, 'NY'),
('PersonFirstName22', 'PersonLastName22', 50000, 'NY'),
('PersonFirstName243', 'PersonLastName243', 190000, 'KS'),
('PersonFirstName275', 'PersonLastName275', 160000, 'IN'),
('PersonFirstName324', 'PersonLastName324', 10000, 'MD'),
('PersonFirstName194', 'PersonLastName194', 120000, 'LA'),
('PersonFirstName176', 'PersonLastName176', 60000, 'FL'),
('PersonFirstName43', 'PersonLastName43', 80000, 'WI'),
('PersonFirstName35', 'PersonLastName35', 150000, 'CO'),
('PersonFirstName392', 'PersonLastName392', 160000, 'WA'),
('PersonFirstName231', 'PersonLastName231', 180000, 'IN'),
('PersonFirstName328', 'PersonLastName328', 10000, 'SC'),
('PersonFirstName24', 'PersonLastName24', 60000, 'GA'),
('PersonFirstName145', 'PersonLastName145', 40000, 'HI'),
('PersonFirstName132', 'PersonLastName132', 180000, 'NV'),
('PersonFirstName129', 'PersonLastName129', 20000, 'VT'),
('PersonFirstName239', 'PersonLastName239', 140000, 'FL'),
('PersonFirstName168', 'PersonLastName168', 120000, 'AL'),
('PersonFirstName247', 'PersonLastName247', 180000, 'AL'),
('PersonFirstName141', 'PersonLastName141', 160000, 'IN'),
('PersonFirstName347', 'PersonLastName347', 40000, 'NY'),
('PersonFirstName47', 'PersonLastName47', 190000, 'KS'),
('PersonFirstName58', 'PersonLastName58', 30000, 'IA'),
('PersonFirstName276', 'PersonLastName276', 60000, 'CT'),
('PersonFirstName309', 'PersonLastName309', 140000, 'OK'),
('PersonFirstName98', 'PersonLastName98', 20000, 'UT'),
('PersonFirstName376', 'PersonLastName376', 160000, 'NC'),
('PersonFirstName284', 'PersonLastName284', 160000, 'ID'),
('PersonFirstName320', 'PersonLastName320', 70000, 'LA'),
('PersonFirstName307', 'PersonLastName307', 130000, 'MN'),
('PersonFirstName250', 'PersonLastName250', 200000, 'ID'),
('PersonFirstName301', 'PersonLastName301', 140000, 'AK'),
('PersonFirstName78', 'PersonLastName78', 200000, 'TX'),
('PersonFirstName201', 'PersonLastName201', 190000, 'RI'),
('PersonFirstName156', 'PersonLastName156', 60000, 'AK'),
('PersonFirstName76', 'PersonLastName76', 170000, 'OR'),
('PersonFirstName203', 'PersonLastName203', 100000, 'SC'),
('PersonFirstName14', 'PersonLastName14', 70000, 'MN'),
('PersonFirstName380', 'PersonLastName380', 20000, 'MT'),
('PersonFirstName117', 'PersonLastName117', 170000, 'HI'),
('PersonFirstName137', 'PersonLastName137', 90000, 'MO'),
('PersonFirstName350', 'PersonLastName350', 140000, 'UT'),
('PersonFirstName381', 'PersonLastName381', 90000, 'NC'),
('PersonFirstName223', 'PersonLastName223', 180000, 'CO'),
('PersonFirstName248', 'PersonLastName248', 150000, 'IN'),
('PersonFirstName292', 'PersonLastName292', 10000, 'MA'),
('PersonFirstName322', 'PersonLastName322', 40000, 'NM'),
('PersonFirstName183', 'PersonLastName183', 120000, 'KY'),
('PersonFirstName317', 'PersonLastName317', 120000, 'HI'),
('PersonFirstName207', 'PersonLastName207', 100000, 'AR'),
('PersonFirstName300', 'PersonLastName300', 170000, 'ID'),
('PersonFirstName123', 'PersonLastName123', 70000, 'SC'),
('PersonFirstName75', 'PersonLastName75', 140000, 'IL'),
('PersonFirstName259', 'PersonLastName259', 20000, 'KY'),
('PersonFirstName233', 'PersonLastName233', 150000, 'NY'),
('PersonFirstName277', 'PersonLastName277', 70000, 'MD'),
('PersonFirstName298', 'PersonLastName298', 200000, 'OK'),
('PersonFirstName135', 'PersonLastName135', 160000, 'NJ'),
('PersonFirstName274', 'PersonLastName274', 70000, 'NC'),
('PersonFirstName37', 'PersonLastName37', 100000, 'NV'),
('PersonFirstName118', 'PersonLastName118', 120000, 'SC'),
('PersonFirstName202', 'PersonLastName202', 180000, 'PA'),
('PersonFirstName146', 'PersonLastName146', 80000, 'OR'),
('PersonFirstName174', 'PersonLastName174', 140000, 'OR'),
('PersonFirstName134', 'PersonLastName134', 80000, 'SD'),
('PersonFirstName323', 'PersonLastName323', 110000, 'HI'),
('PersonFirstName342', 'PersonLastName342', 190000, 'IL'),
('PersonFirstName112', 'PersonLastName112', 180000, 'NC'),
('PersonFirstName184', 'PersonLastName184', 190000, 'SC'),
('PersonFirstName312', 'PersonLastName312', 180000, 'WA'),
('PersonFirstName17', 'PersonLastName17', 90000, 'ME'),
('PersonFirstName94', 'PersonLastName94', 80000, 'MN'),
('PersonFirstName295', 'PersonLastName295', 10000, 'NM'),
('PersonFirstName101', 'PersonLastName101', 40000, 'OH'),
('PersonFirstName249', 'PersonLastName249', 40000, 'SC'),
('PersonFirstName113', 'PersonLastName113', 20000, 'AZ'),
('PersonFirstName208', 'PersonLastName208', 30000, 'IN'),
('PersonFirstName175', 'PersonLastName175', 80000, 'ND'),
('PersonFirstName36', 'PersonLastName36', 60000, 'HI'),
('PersonFirstName221', 'PersonLastName221', 190000, 'WI'),
('PersonFirstName195', 'PersonLastName195', 10000, 'WA'),
('PersonFirstName151', 'PersonLastName151', 20000, 'MO'),
('PersonFirstName286', 'PersonLastName286', 10000, 'DE'),
('PersonFirstName143', 'PersonLastName143', 120000, 'MA'),
('PersonFirstName344', 'PersonLastName344', 30000, 'OK'),
('PersonFirstName334', 'PersonLastName334', 60000, 'CA'),
('PersonFirstName200', 'PersonLastName200', 180000, 'IA'),
('PersonFirstName12', 'PersonLastName12', 70000, 'HI'),
('PersonFirstName356', 'PersonLastName356', 170000, 'NM'),
('PersonFirstName140', 'PersonLastName140', 120000, 'NM'),
('PersonFirstName154', 'PersonLastName154', 10000, 'ND'),
('PersonFirstName152', 'PersonLastName152', 50000, 'UT'),
('PersonFirstName59', 'PersonLastName59', 70000, 'LA'),
('PersonFirstName179', 'PersonLastName179', 80000, 'IL');

-- --------------------------------------------------------

--
-- Table structure for table `state`
--

CREATE TABLE `state` (
  `state_id` int(11) NOT NULL,
  `name` varchar(45) NOT NULL,
  `abb` varchar(2) NOT NULL
) ENGINE=InnoDB DEFAULT CHARSET=latin1;

--
-- Dumping data for table `state`
--

INSERT INTO `state` (`state_id`, `name`, `abb`) VALUES
(683, 'Alabama', 'AL'),
(773, 'Hawaii', 'HI'),
(816, 'North Carolina', 'NC'),
(897, 'Georgia', 'GA'),
(899, 'Kansas', 'KS'),
(910, 'Kentucky', 'KY'),
(912, 'Maryland', 'MD'),
(922, 'Louisiana', 'LA'),
(927, 'Florida', 'FL'),
(942, 'Arizona', 'AZ'),
(955, 'Massachusetts', 'MA'),
(956, 'Montana', 'MT'),
(959, 'Washington', 'WA'),
(966, 'Ohio', 'OH'),
(968, 'New Jersey', 'NJ'),
(978, 'Maine', 'ME'),
(988, 'Pennsylvania', 'PA'),
(996, 'Vermont', 'VT'),
(1001, 'Illinois', 'IL'),
(1013, 'New York', 'NY'),
(1021, 'Idaho', 'ID'),
(1025, 'Alaska', 'AK'),
(1026, 'Iowa', 'IA'),
(1030, 'Missouri', 'MO'),
(1031, 'Wyoming', 'WY'),
(1034, 'Delaware', 'DE'),
(1038, 'Wisconsin', 'WI'),
(1040, 'New Hampshire', 'NH'),
(1043, 'West Virginia', 'WV'),
(1044, 'Texas', 'TX'),
(1048, 'Mississippi', 'MS'),
(1065, 'Nevada', 'NV'),
(1076, 'Indiana', 'IN'),
(1079, 'Oregon', 'OR'),
(1083, 'North Dakota', 'ND'),
(1087, 'Minnesota', 'MN'),
(1093, 'Virginia', 'VA'),
(1095, 'New Mexico', 'NM'),
(1103, 'Oklahoma', 'OK'),
(1110, 'South Dakota', 'SD'),
(1111, 'Utah', 'UT'),
(1112, 'Arkansas', 'AR'),
(1115, 'Tennessee', 'TN'),
(1117, 'South Carolina', 'SC'),
(1120, 'Michigan', 'MI'),
(1121, 'California', 'CA'),
(1125, 'Rhode Island', 'RI'),
(1149, 'Colorado', 'CO'),
(1184, 'Nebraska', 'NE'),
(1185, 'Connecticut', 'CT');

--
-- Indexes for dumped tables
--

--
-- Indexes for table `address`
--
ALTER TABLE `address`
  ADD PRIMARY KEY (`address_id`),
  ADD KEY `FK_ADDRESS_STATE` (`state_id`);

--
-- Indexes for table `branch`
--
ALTER TABLE `branch`
  ADD PRIMARY KEY (`branch_no`),
  ADD KEY `fk_Branch_Address1` (`address_id`);

--
-- Indexes for table `client`
--
ALTER TABLE `client`
  ADD PRIMARY KEY (`client_no`),
  ADD KEY `FK_person_id` (`person_id`);

--
-- Indexes for table `person`
--
ALTER TABLE `person`
  ADD PRIMARY KEY (`person_id`),
  ADD KEY `FK_address_id` (`address_id`);

--
-- Indexes for table `property_for_rent`
--
ALTER TABLE `property_for_rent`
  ADD PRIMARY KEY (`property_no`),
  ADD KEY `For_client_no` (`client_no`),
  ADD KEY `For_address_id` (`address_id`),
  ADD KEY `For_staff_no` (`staff_no`);

--
-- Indexes for table `staff`
--
ALTER TABLE `staff`
  ADD PRIMARY KEY (`staff_no`),
  ADD KEY `FK_Staff_Person1` (`person_id`),
  ADD KEY `branch_no` (`branch_no`),
  ADD KEY `branch_no_2` (`branch_no`);

--
-- Indexes for table `state`
--
ALTER TABLE `state`
  ADD PRIMARY KEY (`state_id`);

--
-- AUTO_INCREMENT for dumped tables
--

--
-- AUTO_INCREMENT for table `address`
--
ALTER TABLE `address`
  MODIFY `address_id` int(11) NOT NULL AUTO_INCREMENT, AUTO_INCREMENT=601;

--
-- AUTO_INCREMENT for table `person`
--
ALTER TABLE `person`
  MODIFY `person_id` int(11) NOT NULL AUTO_INCREMENT, AUTO_INCREMENT=401;

--
-- AUTO_INCREMENT for table `state`
--
ALTER TABLE `state`
  MODIFY `state_id` int(11) NOT NULL AUTO_INCREMENT, AUTO_INCREMENT=1186;

--
-- Constraints for dumped tables
--

--
-- Constraints for table `address`
--
ALTER TABLE `address`
  ADD CONSTRAINT `FK_ADDRESS_STATE` FOREIGN KEY (`state_id`) REFERENCES `state` (`state_id`);

--
-- Constraints for table `branch`
--
ALTER TABLE `branch`
  ADD CONSTRAINT `fk_Branch_Address1` FOREIGN KEY (`address_id`) REFERENCES `address` (`address_id`);

--
-- Constraints for table `client`
--
ALTER TABLE `client`
  ADD CONSTRAINT `FK_person_id` FOREIGN KEY (`person_id`) REFERENCES `person` (`person_id`);

--
-- Constraints for table `person`
--
ALTER TABLE `person`
  ADD CONSTRAINT `FK_address_id` FOREIGN KEY (`address_id`) REFERENCES `address` (`address_id`);

--
-- Constraints for table `property_for_rent`
--
ALTER TABLE `property_for_rent`
  ADD CONSTRAINT `For_address_id` FOREIGN KEY (`address_id`) REFERENCES `address` (`address_id`),
  ADD CONSTRAINT `For_client_no` FOREIGN KEY (`client_no`) REFERENCES `client` (`client_no`),
  ADD CONSTRAINT `For_staff_no` FOREIGN KEY (`staff_no`) REFERENCES `staff` (`staff_no`);

--
-- Constraints for table `staff`
--
ALTER TABLE `staff`
  ADD CONSTRAINT `FK_Staff_Person1` FOREIGN KEY (`person_id`) REFERENCES `person` (`person_id`);
COMMIT;

/*!40101 SET CHARACTER_SET_CLIENT=@OLD_CHARACTER_SET_CLIENT */;
/*!40101 SET CHARACTER_SET_RESULTS=@OLD_CHARACTER_SET_RESULTS */;
/*!40101 SET COLLATION_CONNECTION=@OLD_COLLATION_CONNECTION */;
